-- MySQL Script generated by MySQL Workbench
-- Wed Feb  5 21:14:33 2020
-- Model: New Model    Version: 1.0
-- MySQL Workbench Forward Engineering

SET @OLD_UNIQUE_CHECKS=@@UNIQUE_CHECKS, UNIQUE_CHECKS=0;
SET @OLD_FOREIGN_KEY_CHECKS=@@FOREIGN_KEY_CHECKS, FOREIGN_KEY_CHECKS=0;
SET @OLD_SQL_MODE=@@SQL_MODE, SQL_MODE='ONLY_FULL_GROUP_BY,STRICT_TRANS_TABLES,NO_ZERO_IN_DATE,NO_ZERO_DATE,ERROR_FOR_DIVISION_BY_ZERO,NO_ENGINE_SUBSTITUTION';

-- -----------------------------------------------------
-- Schema ga3w20
-- -----------------------------------------------------
-- CREATE SCHEMA IF NOT EXISTS `ga3w20` DEFAULT CHARACTER SET utf8 ;
-- USE `ga3w20` ;

-- -----------------------------------------------------
-- Table `ga3w20`.`authors`
-- -----------------------------------------------------
DROP TABLE IF EXISTS `ga3w20`.`authors` ;

CREATE TABLE IF NOT EXISTS `ga3w20`.`authors` (
  `id` INT UNSIGNED NOT NULL AUTO_INCREMENT,
  `name` VARCHAR(100) NOT NULL,
  PRIMARY KEY (`id`))
ENGINE = InnoDB;


-- -----------------------------------------------------
-- Table `ga3w20`.`publishers`
-- -----------------------------------------------------
DROP TABLE IF EXISTS `ga3w20`.`publishers` ;

CREATE TABLE IF NOT EXISTS `ga3w20`.`publishers` (
  `id` INT UNSIGNED NOT NULL AUTO_INCREMENT,
  `NAME` VARCHAR(45) NULL,
  PRIMARY KEY (`id`),
  UNIQUE INDEX `id_UNIQUE` (`id` ASC) VISIBLE)
ENGINE = InnoDB;


-- -----------------------------------------------------
-- Table `ga3w20`.`books`
-- -----------------------------------------------------
DROP TABLE IF EXISTS `ga3w20`.`books` ;

CREATE TABLE IF NOT EXISTS `ga3w20`.`books` (
  `isbn` CHAR(13) NOT NULL,
  `title` VARCHAR(200) NOT NULL,
  `author_id` INT UNSIGNED NOT NULL,
  --`genre` VARCHAR(100) NOT NULL,
  `publisher_id` INT UNSIGNED NOT NULL,
  `data_publication` DATE NOT NULL,
  `number_of_pages` INT UNSIGNED NOT NULL,
  `description` VARCHAR(3000) NOT NULL,
  `image_url` VARCHAR(1000),
  `wholesale_price` DECIMAL(5,2) NOT NULL,
  `list_price` DECIMAL(5,2) NOT NULL,
  `sale_price` DECIMAL(5,2) NOT NULL,
  `date_entered` TIMESTAMP NOT NULL DEFAULT CURRENT_TIMESTAMP,
  `removal_status` TINYINT(1) NOT NULL,
  `discount` DECIMAL UNSIGNED NOT NULL,
  PRIMARY KEY (`isbn`),
  INDEX `id_idx` (`author_id` ASC) VISIBLE,
  INDEX `publisher_id_idx` (`publisher_id` ASC) VISIBLE,
  CONSTRAINT `author`
    FOREIGN KEY (`author_id`)
    REFERENCES `ga3w20`.`authors` (`id`)
    ON DELETE NO ACTION
    ON UPDATE NO ACTION,
  CONSTRAINT `publisher_id`
    FOREIGN KEY (`publisher_id`)
    REFERENCES `ga3w20`.`publishers` (`id`)
    ON DELETE NO ACTION
    ON UPDATE NO ACTION)
ENGINE = InnoDB;


-- -----------------------------------------------------
-- Table `ga3w20`.`questions`
-- -----------------------------------------------------
DROP TABLE IF EXISTS `ga3w20`.`questions` ;

CREATE TABLE IF NOT EXISTS `ga3w20`.`questions` (
  `id`  INT UNSIGNED NOT NULL AUTO_INCREMENT,
  `question_text` VARCHAR(100) NOT NULL,
  `is_active` TINYINT(1) NOT NULL,
  PRIMARY KEY (`id`),
  UNIQUE INDEX `text_questions_UNIQUE` (`question_text` ASC) VISIBLE)
ENGINE = InnoDB;


-- -----------------------------------------------------
-- Table `ga3w20`.`province`
-- -----------------------------------------------------
DROP TABLE IF EXISTS `ga3w20`.`province` ;

CREATE TABLE IF NOT EXISTS `ga3w20`.`province` (
  `id` INT UNSIGNED NOT NULL AUTO_INCREMENT,
  `name` VARCHAR(50) NOT NULL,
  `GST` DECIMAL(4,2) NOT NULL,
  `PST` DECIMAL(4,2) NOT NULL,
  `QST` DECIMAL(4,2) NOT NULL,
  `HST` DECIMAL(4,2) NOT NULL,
  PRIMARY KEY (`id`),
  UNIQUE INDEX `name_UNIQUE` (`name` ASC) VISIBLE)
ENGINE = InnoDB;


-- -----------------------------------------------------
-- Table `ga3w20`.`users`
-- -----------------------------------------------------
DROP TABLE IF EXISTS `ga3w20`.`users` ;

CREATE TABLE IF NOT EXISTS `ga3w20`.`users` (
  `id` INT UNSIGNED NOT NULL AUTO_INCREMENT,
  `title` VARCHAR(50) NOT NULL,
  `last_name` VARCHAR(50) NOT NULL,
  `first_name` VARCHAR(50) NOT NULL,
  `company_name` VARCHAR(50),
  `address1` VARCHAR(200) NOT NULL,
  `address2` VARCHAR(200),
  `city` VARCHAR(50) NOT NULL,
  `province_name` VARCHAR(50) NOT NULL,
  `postal_code` CHAR(7) NOT NULL,
  `home_telephoe` CHAR(10) NOT NULL,
  `cellphone` CHAR(10),
  `email` VARCHAR(100) NOT NULL,
  `is_manager` CHAR(5) NOT NULL,
  `password_hash` CHAR(64) NOT NULL,
  `salt` BINARY(16) NOT NULL,
  PRIMARY KEY (`id`),
  UNIQUE INDEX `email_UNIQUE` (`email` ASC) VISIBLE,
  INDEX `fk_users_province1_idx` (`province_name` ASC) VISIBLE,
  CONSTRAINT `fk_users_province1`
    FOREIGN KEY (`province_name`)
    REFERENCES `ga3w20`.`province` (`name`)
    ON DELETE NO ACTION
    ON UPDATE NO ACTION)
ENGINE = InnoDB;


-- -----------------------------------------------------
-- Table `ga3w20`.`reviews`
-- -----------------------------------------------------
DROP TABLE IF EXISTS `ga3w20`.`reviews` ;

CREATE TABLE IF NOT EXISTS `ga3w20`.`reviews` (
  `id` INT UNSIGNED NOT NULL AUTO_INCREMENT,
  `isbn` CHAR(13) NOT NULL,
  `user_id` INT UNSIGNED NOT NULL,
  `rating` TINYINT UNSIGNED NOT NULL,
  `review_text` VARCHAR(3000) NOT NULL,
  `date` TIMESTAMP NOT NULL DEFAULT CURRENT_TIMESTAMP,
  `is_approved` CHAR(5) NOT NULL,
  PRIMARY KEY (`id`),
  INDEX `client_idx` (`user_id` ASC) VISIBLE,
  CONSTRAINT `client`
    FOREIGN KEY (`user_id`)
    REFERENCES `ga3w20`.`users` (`id`)
    ON DELETE NO ACTION
    ON UPDATE NO ACTION,
  CONSTRAINT `book`
    FOREIGN KEY (`isbn`)
    REFERENCES `ga3w20`.`books` (`isbn`)
    ON DELETE NO ACTION
    ON UPDATE NO ACTION)
ENGINE = InnoDB;

-- -----------------------------------------------------
-- Table `ga3w20`.`invoices`
-- -----------------------------------------------------
DROP TABLE IF EXISTS `ga3w20`.`invoices` ;
-- 
-- CREATE TABLE IF NOT EXISTS `ga3w20`.`invoices` (
--   `id` INT NOT NULL AUTO_INCREMENT,
--   `date_of_sale` TIMESTAMP NOT NULL,
--   `subtotal` DECIMAL(8,2) NOT NULL,
--   `total` DECIMAL(8,2) NOT NULL,
--   `total_tax` DECIMAL(8,2) NOT NULL,
--   `dicount` DECIMAL(8,2) NOT NULL,
--   `users_id` INT UNSIGNED NOT NULL,
--   `sales_id` INT UNSIGNED NOT NULL,
--   PRIMARY KEY (`id`),
--   INDEX `fk_invoices_users1_idx` (`users_id` ASC) VISIBLE,
--   INDEX `fk_invoices_sales1_idx` (`sales_id` ASC) VISIBLE,
--   CONSTRAINT `fk_invoices_users1`
--     FOREIGN KEY (`users_id`)
--     REFERENCES `ga3w20`.`users` (`id`)
--     ON DELETE NO ACTION
--     ON UPDATE NO ACTION,
--   CONSTRAINT `fk_invoices_sales1`
--     FOREIGN KEY (`sales_id`)
--     REFERENCES `ga3w20`.`sales` (`id`)
--     ON DELETE NO ACTION
--     ON UPDATE NO ACTION)
-- ENGINE = InnoDB;

-- -----------------------------------------------------
-- Table `ga3w20`.`sold_books`
-- -----------------------------------------------------
DROP TABLE IF EXISTS `ga3w20`.`sold_books` ;

CREATE TABLE IF NOT EXISTS `ga3w20`.`sold_books` (
  `id` INT NOT NULL AUTO_INCREMENT,
  `price` DECIMAL(8,2) NOT NULL,
  `sales_id` INT UNSIGNED NOT NULL,
  `books_isbn` CHAR(13) NOT NULL,
  PRIMARY KEY (`id`),
  UNIQUE INDEX `id_UNIQUE` (`id` ASC) VISIBLE,
  INDEX `fk_sold_books_sales1_idx` (`sales_id` ASC) VISIBLE,
  INDEX `fk_sold_books_books1_idx` (`books_isbn` ASC) VISIBLE,
  CONSTRAINT `fk_sold_books_sales1`
    FOREIGN KEY (`sales_id`)
    REFERENCES `ga3w20`.`sales` (`id`)
    ON DELETE NO ACTION
    ON UPDATE NO ACTION,
  CONSTRAINT `fk_sold_books_books1`
    FOREIGN KEY (`books_isbn`)
    REFERENCES `ga3w20`.`books` (`isbn`)
    ON DELETE NO ACTION
    ON UPDATE NO ACTION)
ENGINE = InnoDB;


-- -----------------------------------------------------
-- Table `ga3w20`.`sales`
-- -----------------------------------------------------
DROP TABLE IF EXISTS `ga3w20`.`sales` ;

CREATE TABLE IF NOT EXISTS `ga3w20`.`sales` (
  `id` INT UNSIGNED NOT NULL AUTO_INCREMENT,
  `subtotal` DECIMAL(8,2) DEFAULT 0 NOT NULL,
  `total_tax` DECIMAL(8,2) DEFAULT 0 NOT NULL,
  `total` DECIMAL(8,2) DEFAULT 0 NOT NULL,
  `date` TIMESTAMP NOT NULL,
  `users_id` INT UNSIGNED NOT NULL,
  `is_removed` TINYINT(1) DEFAULT 0 NOT NULL,
  PRIMARY KEY (`id`),
  INDEX `fk_sales_users1_idx` (`users_id` ASC) VISIBLE,
  CONSTRAINT `fk_sales_users1`
    FOREIGN KEY (`users_id`)
    REFERENCES `ga3w20`.`users` (`id`)
    ON DELETE NO ACTION
    ON UPDATE NO ACTION)
ENGINE = InnoDB;



-- -----------------------------------------------------
-- Table `ga3w20`.`answers`
-- -----------------------------------------------------
DROP TABLE IF EXISTS `ga3w20`.`answers` ;

CREATE TABLE IF NOT EXISTS `ga3w20`.`answers` (
  `id` INT NOT NULL AUTO_INCREMENT,
  `question_id` INT UNSIGNED NOT NULL,
  `answer_text` VARCHAR(50) NOT NULL,
  `chosen_times` INT NOT NULL,
  PRIMARY KEY (`id`),
  INDEX `fk_answers_questions1_idx` (`question_id` ASC) VISIBLE,
  CONSTRAINT `fk_answers_questions1`
    FOREIGN KEY (`question_id`)
    REFERENCES `ga3w20`.`questions` (`id`)
    ON DELETE CASCADE
    ON UPDATE NO ACTION)
ENGINE = InnoDB;

-- -----------------------------------------------------
-- Table `ga3w20`.`format`
-- -----------------------------------------------------
DROP TABLE IF EXISTS `ga3w20`.`format` ;

CREATE TABLE IF NOT EXISTS `ga3w20`.`format` (
  `id` INT NOT NULL,
  `format` VARCHAR(45) NOT NULL,
  PRIMARY KEY (`id`))
ENGINE = InnoDB;


-- -----------------------------------------------------
-- Table `ga3w20`.`books_format`
-- -----------------------------------------------------
DROP TABLE IF EXISTS `ga3w20`.`books_format` ;

CREATE TABLE IF NOT EXISTS `ga3w20`.`books_format` (
  `books_isbn` CHAR(13) NOT NULL,
  `format_id` INT NOT NULL,
  PRIMARY KEY (`books_isbn`, `format_id`),
  INDEX `fk_books_has_format_format1_idx` (`format_id` ASC) VISIBLE,
  INDEX `fk_books_has_format_books1_idx` (`books_isbn` ASC) VISIBLE,
  CONSTRAINT `fk_books_has_format_books1`
    FOREIGN KEY (`books_isbn`)
    REFERENCES `ga3w20`.`books` (`isbn`)
    ON DELETE NO ACTION
    ON UPDATE NO ACTION,
  CONSTRAINT `fk_books_has_format_format1`
    FOREIGN KEY (`format_id`)
    REFERENCES `ga3w20`.`format` (`id`)
    ON DELETE NO ACTION
    ON UPDATE NO ACTION)
ENGINE = InnoDB;


-- -----------------------------------------------------
-- Table `ga3w20`.`genre`
-- -----------------------------------------------------
DROP TABLE IF EXISTS `ga3w20`.`genre` ;

CREATE TABLE IF NOT EXISTS `ga3w20`.`genre` (
  `id` INT NOT NULL,
  `genre` VARCHAR(100) NOT NULL,
  PRIMARY KEY (`id`))
ENGINE = InnoDB;

-- -----------------------------------------------------
-- Table `ga3w20`.`books_genre`
-- -----------------------------------------------------
DROP TABLE IF EXISTS `ga3w20`.`books_genre` ;

CREATE TABLE IF NOT EXISTS `ga3w20`.`books_genre` (
  `books_isbn` CHAR(13) NOT NULL,
  `genre_id` INT NOT NULL,
  PRIMARY KEY (`books_isbn`, `genre_id`),
  INDEX `fk_books_has_genre_genre1_idx` (`genre_id` ASC) VISIBLE,
  INDEX `fk_books_has_genre_books1_idx` (`books_isbn` ASC) VISIBLE,
  CONSTRAINT `fk_books_has_genre_books1`
    FOREIGN KEY (`books_isbn`)
    REFERENCES `ga3w20`.`books` (`isbn`)
    ON DELETE NO ACTION
    ON UPDATE NO ACTION,
  CONSTRAINT `fk_books_has_genre_genre1`
    FOREIGN KEY (`genre_id`)
    REFERENCES `ga3w20`.`genre` (`id`)
    ON DELETE NO ACTION
    ON UPDATE NO ACTION)
ENGINE = InnoDB;


-- -----------------------------------------------------
-- Table `ga3w20`.`advertisments`
-- -----------------------------------------------------
DROP TABLE IF EXISTS `ga3w20`.`advertisments` ;

CREATE TABLE IF NOT EXISTS `ga3w20`.`advertisments` (
  `id` INT UNSIGNED NOT NULL AUTO_INCREMENT,
  `image_url` VARCHAR(1000) NOT NULL,
  `is_active` TINYINT(1) DEFAULT 0 NOT NULL,
  `link` VARCHAR(1000) NULL,
  PRIMARY KEY (`id`))
ENGINE = InnoDB;


-- -----------------------------------------------------
-- Table `ga3w20`.`news_feed`
-- -----------------------------------------------------
DROP TABLE IF EXISTS `ga3w20`.`news_feed` ;

CREATE TABLE IF NOT EXISTS `ga3w20`.`news_feed` (
  `id` INT UNSIGNED NOT NULL AUTO_INCREMENT,
  `link` VARCHAR(1000) NOT NULL,  
  `is_active` TINYINT(1) DEFAULT 1 NOT NULL,
  PRIMARY KEY (`id`))
ENGINE = InnoDB;



SET SQL_MODE=@OLD_SQL_MODE;
SET FOREIGN_KEY_CHECKS=@OLD_FOREIGN_KEY_CHECKS;
SET UNIQUE_CHECKS=@OLD_UNIQUE_CHECKS;


-- -----------------------------------------------------
-- Data for table `ga3w20`.`authors`
-- -----------------------------------------------------
START TRANSACTION;
USE `ga3w20`;
INSERT INTO `ga3w20`.`authors` (`id`, `name`) VALUES (1, 'Stephen King');
INSERT INTO `ga3w20`.`authors` (`id`, `name`) VALUES (2, 'Marie Shelly');
INSERT INTO `ga3w20`.`authors` (`id`, `name`) VALUES (3, 'Bram Stoker');
INSERT INTO `ga3w20`.`authors` (`id`, `name`) VALUES (4, 'William Peter Blatty');
INSERT INTO `ga3w20`.`authors` (`id`, `name`) VALUES (5, 'Shirley Jackson');
INSERT INTO `ga3w20`.`authors` (`id`, `name`) VALUES (6, 'Anne Rice');
INSERT INTO `ga3w20`.`authors` (`id`, `name`) VALUES (7, 'Max Brooks');
INSERT INTO `ga3w20`.`authors` (`id`, `name`) VALUES (8, 'Richard Matheson');
INSERT INTO `ga3w20`.`authors` (`id`, `name`) VALUES (9, 'Thomas Harris');
INSERT INTO `ga3w20`.`authors` (`id`, `name`) VALUES (10, 'Neil Gaiman');
INSERT INTO `ga3w20`.`authors` (`id`, `name`) VALUES (11, 'John Ajvide Lindqvist');
INSERT INTO `ga3w20`.`authors` (`id`, `name`) VALUES (12, 'Robert Louis Stevenson');
INSERT INTO `ga3w20`.`authors` (`id`, `name`) VALUES (13, 'Susan Hill');
INSERT INTO `ga3w20`.`authors` (`id`, `name`) VALUES (14, 'Josh Malerman');
INSERT INTO `ga3w20`.`authors` (`id`, `name`) VALUES (15, 'Dan Simmons');
INSERT INTO `ga3w20`.`authors` (`id`, `name`) VALUES (16, 'Frank Herbert');
INSERT INTO `ga3w20`.`authors` (`id`, `name`) VALUES (17, 'Orson Scott Card');
INSERT INTO `ga3w20`.`authors` (`id`, `name`) VALUES (18, 'Philip K. Dick');
INSERT INTO `ga3w20`.`authors` (`id`, `name`) VALUES (19, 'Shirow Masamune');
INSERT INTO `ga3w20`.`authors` (`id`, `name`) VALUES (20, 'Katsuhiro Otomo');
INSERT INTO `ga3w20`.`authors` (`id`, `name`) VALUES (21, 'Hiroya Oku');
INSERT INTO `ga3w20`.`authors` (`id`, `name`) VALUES (22, 'Harlan Ellison');
INSERT INTO `ga3w20`.`authors` (`id`, `name`) VALUES (23, 'William Gibson');
INSERT INTO `ga3w20`.`authors` (`id`, `name`) VALUES (24, 'Ursula K. LeGuin');
INSERT INTO `ga3w20`.`authors` (`id`, `name`) VALUES (25, 'Andy Weir');
INSERT INTO `ga3w20`.`authors` (`id`, `name`) VALUES (26, 'Yevgeny Zamyatin');
INSERT INTO `ga3w20`.`authors` (`id`, `name`) VALUES (27, 'William Golding');
INSERT INTO `ga3w20`.`authors` (`id`, `name`) VALUES (28, 'Ray Bradbury');
INSERT INTO `ga3w20`.`authors` (`id`, `name`) VALUES (29, 'Margaret Atwood');
INSERT INTO `ga3w20`.`authors` (`id`, `name`) VALUES (30, 'Sinclair Lewis');
INSERT INTO `ga3w20`.`authors` (`id`, `name`) VALUES (31, 'P. D. James');
INSERT INTO `ga3w20`.`authors` (`id`, `name`) VALUES (32, 'Omar El Akkad');
INSERT INTO `ga3w20`.`authors` (`id`, `name`) VALUES (33, 'William F. Nolan');
INSERT INTO `ga3w20`.`authors` (`id`, `name`) VALUES (34, 'Louise Erdrich');
INSERT INTO `ga3w20`.`authors` (`id`, `name`) VALUES (35, 'Aldous Huxley');
INSERT INTO `ga3w20`.`authors` (`id`, `name`) VALUES (36, 'Kazuo Ishiguro');
INSERT INTO `ga3w20`.`authors` (`id`, `name`) VALUES (37, 'Lois Lowry');
INSERT INTO `ga3w20`.`authors` (`id`, `name`) VALUES (38, 'Paolo Bacigalupi');
INSERT INTO `ga3w20`.`authors` (`id`, `name`) VALUES (39, 'Suzanne Collins');
INSERT INTO `ga3w20`.`authors` (`id`, `name`) VALUES (40, 'Joss Sheldon');
INSERT INTO `ga3w20`.`authors` (`id`, `name`) VALUES (41, 'Savannah Shange');
INSERT INTO `ga3w20`.`authors` (`id`, `name`) VALUES (42, 'James Stevens Curl');
INSERT INTO `ga3w20`.`authors` (`id`, `name`) VALUES (43, 'George Orwell');
INSERT INTO `ga3w20`.`authors` (`id`, `name`) VALUES (44, 'Ernest Cline');
INSERT INTO `ga3w20`.`authors` (`id`, `name`) VALUES (45, 'Blake Crouch');
INSERT INTO `ga3w20`.`authors` (`id`, `name`) VALUES (46, 'Jennifer Marie Brisset');
INSERT INTO `ga3w20`.`authors` (`id`, `name`) VALUES (47, 'Douglas Adams');
INSERT INTO `ga3w20`.`authors` (`id`, `name`) VALUES (48, 'Robert A. Heinlein');
INSERT INTO `ga3w20`.`authors` (`id`, `name`) VALUES (49, 'Matt Haig');
INSERT INTO `ga3w20`.`authors` (`id`, `name`) VALUES (50, 'Arthur C. Clarke');
INSERT INTO `ga3w20`.`authors` (`id`, `name`) VALUES (51, 'J.K ROWLING');
INSERT INTO `ga3w20`.`authors` (`id`, `name`) VALUES (52, 'George R. R. Martin ');
INSERT INTO `ga3w20`.`authors` (`id`, `name`) VALUES (53, 'Patrick Rothfuss ');
INSERT INTO `ga3w20`.`authors` (`id`, `name`) VALUES (54, 'Brandon Sanderson');
INSERT INTO `ga3w20`.`authors` (`id`, `name`) VALUES (55, 'Ursula K. Le Guin ');
INSERT INTO `ga3w20`.`authors` (`id`, `name`) VALUES (56, 'Robin Hobb');
INSERT INTO `ga3w20`.`authors` (`id`, `name`) VALUES (57, 'Scott Lynch ');
INSERT INTO `ga3w20`.`authors` (`id`, `name`) VALUES (58, 'Jacqueline Carey ');
INSERT INTO `ga3w20`.`authors` (`id`, `name`) VALUES (59, 'Rick Riordan');
INSERT INTO `ga3w20`.`authors` (`id`, `name`) VALUES (60, 'Grace Lin ');
INSERT INTO `ga3w20`.`authors` (`id`, `name`) VALUES (61, 'Cassandra Clare');
INSERT INTO `ga3w20`.`authors` (`id`, `name`) VALUES (62, 'Sarah J. Maas ');
INSERT INTO `ga3w20`.`authors` (`id`, `name`) VALUES (63, 'Victoria Aveyard');
INSERT INTO `ga3w20`.`authors` (`id`, `name`) VALUES (64, 'Kristin Cashore ');
INSERT INTO `ga3w20`.`authors` (`id`, `name`) VALUES (65, 'Laini Taylor ');
INSERT INTO `ga3w20`.`authors` (`id`, `name`) VALUES (66, 'Leigh Bardugo');
INSERT INTO `ga3w20`.`authors` (`id`, `name`) VALUES (67, 'Sabaa Tahir ');
INSERT INTO `ga3w20`.`authors` (`id`, `name`) VALUES (68, 'Renée Ahdieh ');
INSERT INTO `ga3w20`.`authors` (`id`, `name`) VALUES (69, 'Susan Ee');
INSERT INTO `ga3w20`.`authors` (`id`, `name`) VALUES (70, 'N. K. Jemisin');
INSERT INTO `ga3w20`.`authors` (`id`, `name`) VALUES (71, 'Tomi Adeyemi ');
INSERT INTO `ga3w20`.`authors` (`id`, `name`) VALUES (72, 'Michael Crichton');
INSERT INTO `ga3w20`.`authors` (`id`, `name`) VALUES (73, 'J.R.R. Tolkien');
INSERT INTO `ga3w20`.`authors` (`id`, `name`) VALUES (74, 'Dan Brown');
INSERT INTO `ga3w20`.`authors` (`id`, `name`) VALUES (75, 'Stieg Larsson');
INSERT INTO `ga3w20`.`authors` (`id`, `name`) VALUES (76, 'Robert Ludlum');
INSERT INTO `ga3w20`.`authors` (`id`, `name`) VALUES (77, 'Tom Clancy');
INSERT INTO `ga3w20`.`authors` (`id`, `name`) VALUES (78, 'Alexandre Dumas');
INSERT INTO `ga3w20`.`authors` (`id`, `name`) VALUES (79, 'Veronica Roth');
INSERT INTO `ga3w20`.`authors` (`id`, `name`) VALUES (80, 'George R.R. Martin');

COMMIT;




-- -----------------------------------------------------
-- Data for table `ga3w20`.`publishers`
-- -----------------------------------------------------
START TRANSACTION;
USE `ga3w20`;

INSERT INTO `ga3w20`.`publishers` (`id`, `NAME`) VALUES (1, 'Ace');
INSERT INTO `ga3w20`.`publishers` (`id`, `NAME`) VALUES (2, 'Alfred A. Knopf, Inc.');
INSERT INTO `ga3w20`.`publishers` (`id`, `NAME`) VALUES (3, 'Anchor');
INSERT INTO `ga3w20`.`publishers` (`id`, `NAME`) VALUES (4, 'Aqueduct Press');
INSERT INTO `ga3w20`.`publishers` (`id`, `NAME`) VALUES (5, 'Back Bay Books');
INSERT INTO `ga3w20`.`publishers` (`id`, `NAME`) VALUES (6, 'Ballantine Books');
INSERT INTO `ga3w20`.`publishers` (`id`, `NAME`) VALUES (7, 'Bantam');
INSERT INTO `ga3w20`.`publishers` (`id`, `NAME`) VALUES (8, 'Bantam Classics');
INSERT INTO `ga3w20`.`publishers` (`id`, `NAME`) VALUES (9, 'Berkley');
INSERT INTO `ga3w20`.`publishers` (`id`, `NAME`) VALUES (10, 'Berkley Trade');
INSERT INTO `ga3w20`.`publishers` (`id`, `NAME`) VALUES (11, 'Bloomsbury Childrens Books');
INSERT INTO `ga3w20`.`publishers` (`id`, `NAME`) VALUES (12, 'Bloomsbury USA Childrens');
INSERT INTO `ga3w20`.`publishers` (`id`, `NAME`) VALUES (13, 'Broadway Books');
INSERT INTO `ga3w20`.`publishers` (`id`, `NAME`) VALUES (14, 'Chilton Books');
INSERT INTO `ga3w20`.`publishers` (`id`, `NAME`) VALUES (15, 'CreateSpace Independent Publishing Platform');
INSERT INTO `ga3w20`.`publishers` (`id`, `NAME`) VALUES (16, 'Crown');
INSERT INTO `ga3w20`.`publishers` (`id`, `NAME`) VALUES (17, 'Dark Horse Comics');
INSERT INTO `ga3w20`.`publishers` (`id`, `NAME`) VALUES (18, 'DAW');
INSERT INTO `ga3w20`.`publishers` (`id`, `NAME`) VALUES (19, 'Del Rey');
INSERT INTO `ga3w20`.`publishers` (`id`, `NAME`) VALUES (20, 'Duke Univ Pr');
INSERT INTO `ga3w20`.`publishers` (`id`, `NAME`) VALUES (21, 'Ecco');
INSERT INTO `ga3w20`.`publishers` (`id`, `NAME`) VALUES (22, 'Emblem Editions');
INSERT INTO `ga3w20`.`publishers` (`id`, `NAME`) VALUES (23, 'Faber & Faber');
INSERT INTO `ga3w20`.`publishers` (`id`, `NAME`) VALUES (24, 'G.P. Putnams Sons Books for Young Readers');
INSERT INTO `ga3w20`.`publishers` (`id`, `NAME`) VALUES (25, 'Gallery');
INSERT INTO `ga3w20`.`publishers` (`id`, `NAME`) VALUES (26, 'Gollancz');
INSERT INTO `ga3w20`.`publishers` (`id`, `NAME`) VALUES (27, 'Harper');
INSERT INTO `ga3w20`.`publishers` (`id`, `NAME`) VALUES (28, 'HarperCollins');
INSERT INTO `ga3w20`.`publishers` (`id`, `NAME`) VALUES (29, 'HarperTeen');
INSERT INTO `ga3w20`.`publishers` (`id`, `NAME`) VALUES (30, 'Henry Holt and Co.');
INSERT INTO `ga3w20`.`publishers` (`id`, `NAME`) VALUES (31, 'HMH Books for Young Readers');
INSERT INTO `ga3w20`.`publishers` (`id`, `NAME`) VALUES (32, 'Houghton Mifflin');
INSERT INTO `ga3w20`.`publishers` (`id`, `NAME`) VALUES (33, 'Houghton Mifflin Harcourt');
INSERT INTO `ga3w20`.`publishers` (`id`, `NAME`) VALUES (34, 'Katherine Tegen Books');
INSERT INTO `ga3w20`.`publishers` (`id`, `NAME`) VALUES (35, 'Kingfisher');
INSERT INTO `ga3w20`.`publishers` (`id`, `NAME`) VALUES (36, 'Knopf');
INSERT INTO `ga3w20`.`publishers` (`id`, `NAME`) VALUES (37, 'Kodansha Comics');
INSERT INTO `ga3w20`.`publishers` (`id`, `NAME`) VALUES (38, 'Little, Brown Books for Young Readers');
INSERT INTO `ga3w20`.`publishers` (`id`, `NAME`) VALUES (39, 'Margaret K. McElderry Books');
INSERT INTO `ga3w20`.`publishers` (`id`, `NAME`) VALUES (40, 'Mariner Books');
INSERT INTO `ga3w20`.`publishers` (`id`, `NAME`) VALUES (41, 'McClelland & Stewart');
INSERT INTO `ga3w20`.`publishers` (`id`, `NAME`) VALUES (42, 'Mifflin Harcourt');
INSERT INTO `ga3w20`.`publishers` (`id`, `NAME`) VALUES (43, 'Modern Library');
INSERT INTO `ga3w20`.`publishers` (`id`, `NAME`) VALUES (44, 'Open Road Media');
INSERT INTO `ga3w20`.`publishers` (`id`, `NAME`) VALUES (45, 'Orbit');
INSERT INTO `ga3w20`.`publishers` (`id`, `NAME`) VALUES (46, 'Oxford University Press');
INSERT INTO `ga3w20`.`publishers` (`id`, `NAME`) VALUES (47, 'Pan');
INSERT INTO `ga3w20`.`publishers` (`id`, `NAME`) VALUES (48, 'Penguin Classics');
INSERT INTO `ga3w20`.`publishers` (`id`, `NAME`) VALUES (49, 'Penguin UK');
INSERT INTO `ga3w20`.`publishers` (`id`, `NAME`) VALUES (50, 'Pocket Books');
INSERT INTO `ga3w20`.`publishers` (`id`, `NAME`) VALUES (51, 'Puffin Books');
INSERT INTO `ga3w20`.`publishers` (`id`, `NAME`) VALUES (52, 'Random House of Canada, Limited');
INSERT INTO `ga3w20`.`publishers` (`id`, `NAME`) VALUES (53, 'Razorbill');
INSERT INTO `ga3w20`.`publishers` (`id`, `NAME`) VALUES (54, 'Rebel Books');
INSERT INTO `ga3w20`.`publishers` (`id`, `NAME`) VALUES (55, 'Scholastic Press');
INSERT INTO `ga3w20`.`publishers` (`id`, `NAME`) VALUES (56, 'Scribner');
INSERT INTO `ga3w20`.`publishers` (`id`, `NAME`) VALUES (57, 'Self-Published');
INSERT INTO `ga3w20`.`publishers` (`id`, `NAME`) VALUES (58, 'Signet');
INSERT INTO `ga3w20`.`publishers` (`id`, `NAME`) VALUES (59, 'Simon & Schuster');
INSERT INTO `ga3w20`.`publishers` (`id`, `NAME`) VALUES (60, 'Skyscape');
INSERT INTO `ga3w20`.`publishers` (`id`, `NAME`) VALUES (61, 'Spectra');
INSERT INTO `ga3w20`.`publishers` (`id`, `NAME`) VALUES (62, 'St. Martins Griffin');
INSERT INTO `ga3w20`.`publishers` (`id`, `NAME`) VALUES (63, 'St. Martins Paperbacks');
INSERT INTO `ga3w20`.`publishers` (`id`, `NAME`) VALUES (64, 'Tor Books');
INSERT INTO `ga3w20`.`publishers` (`id`, `NAME`) VALUES (65, 'Tor Fantasy');
INSERT INTO `ga3w20`.`publishers` (`id`, `NAME`) VALUES (66, 'Tor Science Fiction');
INSERT INTO `ga3w20`.`publishers` (`id`, `NAME`) VALUES (67, 'Vintage Books');
INSERT INTO `ga3w20`.`publishers` (`id`, `NAME`) VALUES (68, 'Vintage Canada');
INSERT INTO `ga3w20`.`publishers` (`id`, `NAME`) VALUES (69, 'Vintage Classics');
INSERT INTO `ga3w20`.`publishers` (`id`, `NAME`) VALUES (70, 'Virtual Pub Group Inc');
INSERT INTO `ga3w20`.`publishers` (`id`, `NAME`) VALUES (71, 'William Morrow Paperbacks');


COMMIT;

-- -----------------------------------------------------
-- Data for table `ga3w20`.`format`
-- -----------------------------------------------------
START TRANSACTION;
USE `ga3w20`;
INSERT INTO `ga3w20`.`format` (`id`, `format`) VALUES (1, 'pdf');
INSERT INTO `ga3w20`.`format` (`id`, `format`) VALUES (2, 'epub');
INSERT INTO `ga3w20`.`format` (`id`, `format`) VALUES (3, 'doc');
COMMIT;

-- -----------------------------------------------------
-- Data for table `ga3w20`.`genre`
-- -----------------------------------------------------
START TRANSACTION;
USE `ga3w20`;
INSERT INTO `ga3w20`.`genre` (`id`, `genre`) VALUES (1, 'Horror');
INSERT INTO `ga3w20`.`genre` (`id`, `genre`) VALUES (2, 'Sci-Fi');
INSERT INTO `ga3w20`.`genre` (`id`, `genre`) VALUES (3, 'Dystopia');
INSERT INTO `ga3w20`.`genre` (`id`, `genre`) VALUES (4, 'Fantasy');
INSERT INTO `ga3w20`.`genre` (`id`, `genre`) VALUES (5, 'Action-Adventure');
COMMIT;


-- -----------------------------------------------------
-- Data for table `ga3w20`.`books`
-- -----------------------------------------------------
START TRANSACTION;
USE `ga3w20`;
INSERT INTO `ga3w20`.`books` (`isbn`, `title`, `author_id`, `publisher_id`, `data_publication`, `number_of_pages`, `description`, `image_url`, `wholesale_price`, `list_price`, `sale_price`, `date_entered`, `removal_status`, `discount`) VALUES (9786065792296, '﻿Carrie', 1,  3, STR_TO_DATE('30-08-2011','%d-%m-%Y'), 304, 'Stephen King\s legendary debut, about a teenage outcast and the revenge she enacts on her classmates.', '9786065792296.jpg', 8.99, 13.86, 13.86, STR_TO_DATE('19-01-2019','%d-%m-%Y'), FALSE, 0);
INSERT INTO `ga3w20`.`books` (`isbn`, `title`, `author_id`, `publisher_id`, `data_publication`, `number_of_pages`, `description`, `image_url`, `wholesale_price`, `list_price`, `sale_price`, `date_entered`, `removal_status`, `discount`) VALUES (9780451119674, 'The Shining', 1,  3, STR_TO_DATE('26-06-2012','%d-%m-%Y'), 688, 'Jack Torrance gets a new job at the Overlook Hotel as the caretaker. But as the harsh winter weather sets in, the idyllic location feels ever more remote and more sinister.', '9780451119674.jpg', 9.99, 32.61, 32.61, STR_TO_DATE('20-01-2019','%d-%m-%Y'), FALSE, 0);
INSERT INTO `ga3w20`.`books` (`isbn`, `title`, `author_id`, `publisher_id`, `data_publication`, `number_of_pages`, `description`, `image_url`, `wholesale_price`, `list_price`, `sale_price`, `date_entered`, `removal_status`, `discount`) VALUES (9789851807822, 'It', 1,  56, STR_TO_DATE('01-05-2016','%d-%m-%Y'), 1168, 'A story about seven adults who return to their hometown to confront a nightmare they had first stumbled on as teenagers…an evil without a name: It.', '9789851807822.jpg', 10.77, 23.8, 23.8, STR_TO_DATE('21-01-2019','%d-%m-%Y'), FALSE, 0);
INSERT INTO `ga3w20`.`books` (`isbn`, `title`, `author_id`, `publisher_id`, `data_publication`, `number_of_pages`, `description`, `image_url`, `wholesale_price`, `list_price`, `sale_price`, `date_entered`, `removal_status`, `discount`) VALUES (9785557085373, 'The Stand', 1,  3, STR_TO_DATE('28-06-2011','%d-%m-%Y'), 1472, '\"When a man escapes from a biological testing facility, he sets in motion a deadly domino effect, spreading a mutated strain of the flu that will wipe out 99 percent of humanity within a few weeks. The survivors who remain are scared, bewildered, and in need of a leader. Two emerge--Mother Abagail, the benevolent 108-year-old woman who urges them to build a community in Boulder, Colorado; and Randall Flagg, the nefarious \"\"Dark Man,\"\" who delights in chaos and violence.\n\"', '9785557085373.jpg', 9.99, 27.2, 19.04, STR_TO_DATE('22-01-2019','%d-%m-%Y'), FALSE, 30);
INSERT INTO `ga3w20`.`books` (`isbn`, `title`, `author_id`, `publisher_id`, `data_publication`, `number_of_pages`, `description`, `image_url`, `wholesale_price`, `list_price`, `sale_price`, `date_entered`, `removal_status`, `discount`) VALUES (9780553212471, 'Frankenstein', 2,  8, STR_TO_DATE('06-01-1984','%d-%m-%Y'), 256, 'The tale of Dr. Victor Frankenstein and the monster he brings to life.', '9780553212471.jpg', 8, 11.95, 11.95, STR_TO_DATE('23-01-2019','%d-%m-%Y'), FALSE, 0);
INSERT INTO `ga3w20`.`books` (`isbn`, `title`, `author_id`, `publisher_id`, `data_publication`, `number_of_pages`, `description`, `image_url`, `wholesale_price`, `list_price`, `sale_price`, `date_entered`, `removal_status`, `discount`) VALUES (9781493627462, 'Dracula', 3,  15, STR_TO_DATE('11-02-2013','%d-%m-%Y'), 250, 'During a business visit to Count Draculas castle in Transylvania, a young English solicitor finds himself at the center of a series of horrifying incidents. Jonathan Harker is attacked by three phantom women, observes the Counts transformation from human to bat form, and discovers puncture wounds on his own neck that seem to have been made by teeth.', '9781493627462.jpg', 1.29, 14.95, 14.95, STR_TO_DATE('24-01-2019','%d-%m-%Y'), FALSE, 0);
INSERT INTO `ga3w20`.`books` (`isbn`, `title`, `author_id`, `publisher_id`, `data_publication`, `number_of_pages`, `description`, `image_url`, `wholesale_price`, `list_price`, `sale_price`, `date_entered`, `removal_status`, `discount`) VALUES (9780062843494, 'The Exorcist', 4,  27, STR_TO_DATE('24-10-2017','%d-%m-%Y'), 400, 'The story focuses on Regan, the eleven-year-old daughter of a movie actress residing in Washington, D.C. A small group of overwhelmed yet determined individuals must rescue Regan from her unspeakable fate, and the drama that ensues is gripping and unfailingly terrifying.', '9780062843494.jpg', 9.99, 30.47, 30.47, STR_TO_DATE('25-01-2019','%d-%m-%Y'), FALSE, 0);
INSERT INTO `ga3w20`.`books` (`isbn`, `title`, `author_id`, `publisher_id`, `data_publication`, `number_of_pages`, `description`, `image_url`, `wholesale_price`, `list_price`, `sale_price`, `date_entered`, `removal_status`, `discount`) VALUES (9780143039983, 'The haunting of Hill House', 5,  48, STR_TO_DATE('28-11-2006','%d-%m-%Y'), 208, 'The story of four seekers who arrive at a notoriously unfriendly pile called Hill House: Dr. Montague, an occult scholar looking for solid evidence of a \"haunting\"; Theodora, his lighthearted assistant; Eleanor, a friendless, fragile young woman well acquainted with poltergeists; and Luke, the future heir of Hill House. At first, their stay seems destined to be merely a spooky encounter with inexplicable phenomena. But Hill House is gathering its powers—and soon it will choose one of them to make its own.', '9780143039983.jpg', 0.99, 22.71, 18.17, STR_TO_DATE('26-01-2019','%d-%m-%Y'), FALSE, 20);
INSERT INTO `ga3w20`.`books` (`isbn`, `title`, `author_id`, `publisher_id`, `data_publication`, `number_of_pages`, `description`, `image_url`, `wholesale_price`, `list_price`, `sale_price`, `date_entered`, `removal_status`, `discount`) VALUES (9780345409645, 'Interview with the Vampire', 6,  6, STR_TO_DATE('18-03-1997','%d-%m-%Y'), 368, 'The confessions of a vampire. Hypnotic, shocking, and chillingly erotic. A story of danger and flight, of love and loss, of suspense and resolution, and of the extraordinary power of the senses.', '9780345409645.jpg', 8.99, 40.59, 40.59, STR_TO_DATE('27-01-2019','%d-%m-%Y'), FALSE, 0);
INSERT INTO `ga3w20`.`books` (`isbn`, `title`, `author_id`, `publisher_id`, `data_publication`, `number_of_pages`, `description`, `image_url`, `wholesale_price`, `list_price`, `sale_price`, `date_entered`, `removal_status`, `discount`) VALUES (9780307346612, 'World War Z', 7,  13, STR_TO_DATE('16-10-2007','%d-%m-%Y'), 342, 'The Zombie War came unthinkably close to eradicating humanity.', '9780307346612.jpg', 10.99, 27.18, 27.18, STR_TO_DATE('28-01-2019','%d-%m-%Y'), FALSE, 0);
INSERT INTO `ga3w20`.`books` (`isbn`, `title`, `author_id`, `publisher_id`, `data_publication`, `number_of_pages`, `description`, `image_url`, `wholesale_price`, `list_price`, `sale_price`, `date_entered`, `removal_status`, `discount`) VALUES (9780765357151, 'I am Legend', 8,  64, STR_TO_DATE('30-10-2007','%d-%m-%Y'), 320, 'Robert Neville may well be the last living man on Earth but he is not alone. An incurable plague has mutated every other man, woman, and child into bloodthirsty, nocturnal creatures who are determined to destroy him. By day, he is a hunter, stalking the infected monstrosities through the abandoned ruins of civilization. By night, he barricades himself in his home and prays for dawn.', '9780765357151.jpg', 8.69, 20.3, 20.3, STR_TO_DATE('29-01-2019','%d-%m-%Y'), FALSE, 0);
INSERT INTO `ga3w20`.`books` (`isbn`, `title`, `author_id`, `publisher_id`, `data_publication`, `number_of_pages`, `description`, `image_url`, `wholesale_price`, `list_price`, `sale_price`, `date_entered`, `removal_status`, `discount`) VALUES (9780312924584, 'The Silence of the Lambs', 9,  64, STR_TO_DATE('15-02-1991','%d-%m-%Y'), 384, 'As part of the search for a serial murderer nicknames \"Buffalo Bill,\" FBI trainee Clarice Starling is given an assignment. She must visit a man confined to a high-security facility for the criminally insane and interview him.', '9780312924584.jpg', 9.99, 6.00, 6.00, STR_TO_DATE('30-01-2019','%d-%m-%Y'), FALSE, 0);
INSERT INTO `ga3w20`.`books` (`isbn`, `title`, `author_id`, `publisher_id`, `data_publication`, `number_of_pages`, `description`, `image_url`, `wholesale_price`, `list_price`, `sale_price`, `date_entered`, `removal_status`, `discount`) VALUES (9780061139376, 'Coraline', 10,  71, STR_TO_DATE('29-08-2006','%d-%m-%Y'), 162, 'In Coraline''s family''s new flat there''s a locked door. On the other side is a brick wall—until Coraline unlocks the door and finds a passage to another flat in another house just like her own.', '9780061139376.jpg', 9.99, 19.99, 19.99, STR_TO_DATE('31-01-2019','%d-%m-%Y'), FALSE, 0);
INSERT INTO `ga3w20`.`books` (`isbn`, `title`, `author_id`, `publisher_id`, `data_publication`, `number_of_pages`, `description`, `image_url`, `wholesale_price`, `list_price`, `sale_price`, `date_entered`, `removal_status`, `discount`) VALUES (9780312355296, 'Let the Right One in', 11,  62, STR_TO_DATE('28-10-2008','%d-%m-%Y'), 480, 'It is autumn 1981 when inconceivable horror comes to Blackeberg. The body of a teenager is found, emptied of blood, the murder rumored to be part of a ritual killing. Twelve-year-old Oskar is personally hoping that revenge has come at long last. But the murder is not the most important thing on his mind. A new girl has moved in next door-a girl who has never seen a Rubik''s Cube before, but who can solve it at once. There is something wrong with her, though, something odd. And she only comes out at night.', '9780312355296.jpg', 10.99, 20.28, 14.20, STR_TO_DATE('01-02-2019','%d-%m-%Y'), FALSE, 30);
INSERT INTO `ga3w20`.`books` (`isbn`, `title`, `author_id`, `publisher_id`, `data_publication`, `number_of_pages`, `description`, `image_url`, `wholesale_price`, `list_price`, `sale_price`, `date_entered`, `removal_status`, `discount`) VALUES (9781501156748, 'Misery', 1,  50, STR_TO_DATE('28-02-2017','%d-%m-%Y'), 432, 'Bestselling novelist Paul Sheldon thinks he’s finally free of Misery Chastain. In a controversial career move, he’s just killed off the popular protagonist of his beloved romance series in favor of expanding his creative horizons. After a near-fatal car accident in rural Colorado leaves his body broken, Paul finds himself at the mercy of the terrifying rescuer who’s nursing him back to health his self-proclaimed number one fan, Annie Wilkes. Annie is very upset over what Paul did to Misery, and demands that he find a way to bring her back by writing a new novel, one that’s all for her.', '9781501156748.jpg', 10.99, 21.78, 21.78, STR_TO_DATE('02-02-2019','%d-%m-%Y'), FALSE, 0);
INSERT INTO `ga3w20`.`books` (`isbn`, `title`, `author_id`, `publisher_id`, `data_publication`, `number_of_pages`, `description`, `image_url`, `wholesale_price`, `list_price`, `sale_price`, `date_entered`, `removal_status`, `discount`) VALUES (9781727505702, 'Strange Case of Dr Jekyll and Mr Hyde', 12, 15 , STR_TO_DATE('22-09-2018','%d-%m-%Y'), 70, 'Idealistic young scientist Henry Jekyll struggles to unlock the secrets of the soul. Testing chemicals in his lab, he drinks a mixture he hopes will isolate and eliminate human evil. Instead it unleashes the dark forces within him, transforming him into the hideous and murderous Mr. Hyde.', '9781727505702.jpg', 8.18, 8.18, 8.18, STR_TO_DATE('03-02-2019','%d-%m-%Y'), FALSE, 0);
INSERT INTO `ga3w20`.`books` (`isbn`, `title`, `author_id`, `publisher_id`, `data_publication`, `number_of_pages`, `description`, `image_url`, `wholesale_price`, `list_price`, `sale_price`, `date_entered`, `removal_status`, `discount`) VALUES (9780099288473, 'The Woman in Black', 13,  67, STR_TO_DATE('21-10-1998','%d-%m-%Y'), 160, 'Arthur Kipps, a junior solicitor, is summoned to attend the funeral of Mrs Alice Drablow, the sole inhabitant of Eel Marsh House. The house stands at the end of a causeway, wreathed in fog and mystery, but it is not until he glimpses a wasted young woman, dressed all in black, at the funeral, that a creeping sense of unease begins to take hold, a feeling deepened by the reluctance of the locals to talk of the woman in black.', '9780099288473.jpg', 10.99, 24.14, 24.14, STR_TO_DATE('04-02-2019','%d-%m-%Y'), FALSE, 0);
INSERT INTO `ga3w20`.`books` (`isbn`, `title`, `author_id`, `publisher_id`, `data_publication`, `number_of_pages`, `description`, `image_url`, `wholesale_price`, `list_price`, `sale_price`, `date_entered`, `removal_status`, `discount`) VALUES (9780062952554, 'Bird Box ', 14,  21, STR_TO_DATE('03-12-2019','%d-%m-%Y'), 272, 'Something terrifying is out there and it must not be seen. One glimpse and a person is driven to deadly violence. No one knows what it is or where it came from. Five years after it began, a handful of scattered survivors remain, including Malorie and her two young children. Living in an abandoned house near the river, Malorie has long dreamed of fleeing to a place where her family might be safe. But the journey ahead will be terrifying: twenty miles downriver in a rowboat while blindfolded.', '9780062952554.jpg', 11.99, 19.79, 14.84, STR_TO_DATE('05-02-2019','%d-%m-%Y'), FALSE, 25);
INSERT INTO `ga3w20`.`books` (`isbn`, `title`, `author_id`, `publisher_id`, `data_publication`, `number_of_pages`, `description`, `image_url`, `wholesale_price`, `list_price`, `sale_price`, `date_entered`, `removal_status`, `discount`) VALUES (9780312868857, 'Hell House', 8,  64, STR_TO_DATE('13-10-1999','%d-%m-%Y'), 304, 'Rolf Rudolph Deutsch is going die. But when Deutsch, a wealthy magazine and newpaper publisher, starts thinking seriously about his impending death, he offers to pay a physicist and two mediums, one physical and one mental, $100,000 each to establish the facts of life after death.Dr. Lionel Barrett, the physicist, accompanied by the mediums, travel to the Belasco House in Maine, which has been abandoned and sealed since 1949 after a decade of drug addiction, alcoholism, and debauchery. For one night, Barrett and his colleagues investigate the Belasco House and learn exactly why the townfolks refer to it as the Hell House.', '9780312868857.jpg', 10.99, 23.27, 23.27, STR_TO_DATE('06-02-2019','%d-%m-%Y'), FALSE, 0);
INSERT INTO `ga3w20`.`books` (`isbn`, `title`, `author_id`, `publisher_id`, `data_publication`, `number_of_pages`, `description`, `image_url`, `wholesale_price`, `list_price`, `sale_price`, `date_entered`, `removal_status`, `discount`) VALUES (9780739485811, 'The Terror', 15,  5, STR_TO_DATE('12-10-2007','%d-%m-%Y'), 784, 'The men on board the HMS Terror have every expectation of finding the Northwest Passage. But what they don''t expect is a monstrous predator lurking behind the Arctic ice. When the expedition''s leader, Sir John Franklin, meets a horrifying end, Captain Francis Crozier takes command, leading his surviving crewmen on a last desperate attempt to flee south across the ice.  A stunning blend of adventure and mysticism, environmentalism and politics, Dune won the first Nebula Award, shared the Hugo Award, and formed the basis of what is undoubtedly the grandest epic in science fiction.', '9780739485811.jpg', 12.99, 13.21, 13.21, STR_TO_DATE('07-02-2019','%d-%m-%Y'), FALSE, 0);
INSERT INTO `ga3w20`.`books` (`isbn`, `title`, `author_id`, `publisher_id`, `data_publication`, `number_of_pages`, `description`, `image_url`, `wholesale_price`, `list_price`, `sale_price`, `date_entered`, `removal_status`, `discount`) VALUES (9780441172719, 'Dune', 16, 14, STR_TO_DATE('01-09-1990','%d-%m-%Y'), 896, 'Here is the novel that will be forever considered a triumph of the imagination. Set on the desert planet Arrakis, Dune is the story of the boy Paul Atreides, who would become the mysterious man known as Muad''Dib. He would avenge the traitorous plot against his noble family - and would bring to fruition humankind''s most ancient and unattainable dream.', '9780441172719.jpg', 10.99, 11.99, 11.99, STR_TO_DATE('08-02-2019','%d-%m-%Y'), FALSE, 0);
INSERT INTO `ga3w20`.`books` (`isbn`, `title`, `author_id`, `publisher_id`, `data_publication`, `number_of_pages`, `description`, `image_url`, `wholesale_price`, `list_price`, `sale_price`, `date_entered`, `removal_status`, `discount`) VALUES (9780812550702, 'Ender''s Game', 17, 66, STR_TO_DATE('15-07-1994','%d-%m-%Y'), 352, 'Intense is the word for Ender''s Game. Aliens have attacked Earth twice and almost destroyed the human species. To make sure humans win the next encounter, the world government has taken to breeding military geniuses - and then training them in the arts of war... The early training, not surprisingly, takes the form of ''games''... Ender Wiggin is a genius among geniuses; he wins all the games... He is smart enough to know that time is running out. But is he smart enough to save the planet?', '9780812550702.jpg', 8.99, 9.99, 9.99, STR_TO_DATE('09-02-2019','%d-%m-%Y'), FALSE, 0);
INSERT INTO `ga3w20`.`books` (`isbn`, `title`, `author_id`, `publisher_id`, `data_publication`, `number_of_pages`, `description`, `image_url`, `wholesale_price`, `list_price`, `sale_price`, `date_entered`, `removal_status`, `discount`) VALUES (9780547572482, 'The Man in the High Castle', 18, 40, STR_TO_DATE('24-01-2012','%d-%m-%Y'), 288, 'It''s America in 1962. Slavery is legal once again. The few Jews who still survive hide under assumed names. In San Francisco, the I Ching is as common as the Yellow Pages. All because some twenty years earlier the United States lost a warand is now occupied by Nazi Germany and Japan.', '9780547572482.jpg', 12.99, 15.99, 15.99, STR_TO_DATE('10-02-2019','%d-%m-%Y'), FALSE, 0);
INSERT INTO `ga3w20`.`books` (`isbn`, `title`, `author_id`, `publisher_id`, `data_publication`, `number_of_pages`, `description`, `image_url`, `wholesale_price`, `list_price`, `sale_price`, `date_entered`, `removal_status`, `discount`) VALUES (9781608867844, 'Do Androids Dream of Electric Sheep? Omnibus', 18, 19, STR_TO_DATE('28-05-1996','%d-%m-%Y'), 240, 'Do Androids Dream of Electric Sheep? was published in 1968. Grim and foreboding, even today it is a masterpiece ahead of its time. By 2021, the World War had killed millions, driving entire species into extinction and sending mankind off-planet. Those who remained coveted any living creature, and for people who couldn''t afford one, companies built incredibly realistic simulacrae: horses, birds, cats, sheep. . . They even built humans.', '9781608867844.jpg', 11.99, 16.99, 14.44, STR_TO_DATE('11-02-2019','%d-%m-%Y'), FALSE, 15);
INSERT INTO `ga3w20`.`books` (`isbn`, `title`, `author_id`, `publisher_id`, `data_publication`, `number_of_pages`, `description`, `image_url`, `wholesale_price`, `list_price`, `sale_price`, `date_entered`, `removal_status`, `discount`) VALUES (9781935429012, 'Ghost in the Shell', 19, 37, STR_TO_DATE('01-11-1990','%d-%m-%Y'), 160, 'Deep into the twenty-first century, the line between man and machine has been inexorably blurred as humans rely on the enhancement of mechanical implants and robots are upgraded with human tissue. In this rapidly converging landscape, cyborg superagent Major Motoko Kusanagi is charged to track down the craftiest and most dangerous terrorists and cybercriminals, including “ghost hackers” who are capable of exploiting the human-machine interface and reprogramming humans to become puppets to carry out the hackers’ criminal ends. When Major Kusanagi tracks the cybertrail of one such master hacker, the Puppeteer, her quest leads her into a world beyond information and technology where the very nature of consciousness and the human soul are turned upside down.', '9781935429012.jpg', 15.99, 17.99, 16.19, STR_TO_DATE('12-02-2019','%d-%m-%Y'), FALSE, 10);
INSERT INTO `ga3w20`.`books` (`isbn`, `title`, `author_id`, `publisher_id`, `data_publication`, `number_of_pages`, `description`, `image_url`, `wholesale_price`, `list_price`, `sale_price`, `date_entered`, `removal_status`, `discount`) VALUES (9781935429005, 'Akira', 20, 37, STR_TO_DATE('06-12-1982','%d-%m-%Y'), 352, 'Welcome to Neo-Tokyo, built on the ashes of a Tokyo annihilated by a blast of unknown origin that triggered World War III. The lives of two streetwise teenage friends, Tetsuo and Kaneda, change forever when paranormal abilities begin to waken in Tetsuo, making him a target for a shadowy agency that will stop at nothing to prevent another catastrophe like the one that leveled Tokyo. At the core of the agency’s motivation is a raw, all-consuming fear of an unthinkable, monstrous power known only as Akira.', '9781935429005.jpg', 12.95, 18.99, 12.34, STR_TO_DATE('13-02-2019','%d-%m-%Y'), FALSE, 35);
INSERT INTO `ga3w20`.`books` (`isbn`, `title`, `author_id`, `publisher_id`, `data_publication`, `number_of_pages`, `description`, `image_url`, `wholesale_price`, `list_price`, `sale_price`, `date_entered`, `removal_status`, `discount`) VALUES (9781506707747, 'Gantz', 21, 17, STR_TO_DATE('13-08-2000','%d-%m-%Y'), 672, 'Tokyo teens Kei and Masaru are struck dead by a subway train but awaken in a room with an ominous black orb that gives them weapons, suits . . . and orders. Fighting and endless stream of bizarre alien monstrosities in a deadly game, will they win their freedom or die for the final time?', '9781506707747.jpg', 9.99, 13.99, 13.99, STR_TO_DATE('14-02-2019','%d-%m-%Y'), FALSE, 0);
INSERT INTO `ga3w20`.`books` (`isbn`, `title`, `author_id`, `publisher_id`, `data_publication`, `number_of_pages`, `description`, `image_url`, `wholesale_price`, `list_price`, `sale_price`, `date_entered`, `removal_status`, `discount`) VALUES (9781497643079, 'I Have No Mouth, and I Must Scream', 22, 44, STR_TO_DATE('18-08-1967','%d-%m-%Y'), 162, 'Hugo Award winner I Have No Mouth and I Must Scream is living legend Harlan Ellison’s masterpiece of future warfare. In a post-apocalyptic world, four men and one woman are all that remain of the human race, brought to near extinction by an artificial intelligence. Programmed to wage war on behalf of its creators, the AI became self-aware and turned against all humanity. The five survivors are prisoners, kept alive and subjected to brutal torture by the hateful and sadistic machine in an endless cycle of violence.', '9781497643079.jpg', 6.99, 7.99, 7.59, STR_TO_DATE('15-02-2019','%d-%m-%Y'), FALSE, 5);
INSERT INTO `ga3w20`.`books` (`isbn`, `title`, `author_id`, `publisher_id`, `data_publication`, `number_of_pages`, `description`, `image_url`, `wholesale_price`, `list_price`, `sale_price`, `date_entered`, `removal_status`, `discount`) VALUES (9780441569595, 'Neuromancer', 23, 1, STR_TO_DATE('01-07-1984','%d-%m-%Y'), 271, 'Neuromancer is a 1984 science fiction novel by American-Canadian writer William Gibson. It is one of the best-known works in the cyberpunk genre and the first novel to win the Nebula Award, the Philip K. Dick Award, and the Hugo Award.[1] It was Gibson''s debut novel and the beginning of the Sprawl trilogy. Set in the future, the novel follows Henry Case, a washed-up computer hacker who is hired for one last job, which brings him up against a powerful artificial intelligence.', '9780441569595.jpg', 8.99, 10.99, 10.99, STR_TO_DATE('16-02-2019','%d-%m-%Y'), FALSE, 0);
INSERT INTO `ga3w20`.`books` (`isbn`, `title`, `author_id`, `publisher_id`, `data_publication`, `number_of_pages`, `description`, `image_url`, `wholesale_price`, `list_price`, `sale_price`, `date_entered`, `removal_status`, `discount`) VALUES (9780441478125, 'The Left Hand of Darkness', 24, 1, STR_TO_DATE('15-06-1987','%d-%m-%Y'), 286, 'A lone human ambassador is sent to the icebound planet of Winter, a world without sexual prejudice, where the inhabitants’ gender is fluid. His goal is to facilitate Winter’s inclusion in a growing intergalactic civilization. But to do so he must bridge the gulf between his own views and those of the strange, intriguing culture he encounters...', '9780441478125.jpg', 14.99, 17.99, 17.99, STR_TO_DATE('17-02-2019','%d-%m-%Y'), FALSE, 0);
INSERT INTO `ga3w20`.`books` (`isbn`, `title`, `author_id`, `publisher_id`, `data_publication`, `number_of_pages`, `description`, `image_url`, `wholesale_price`, `list_price`, `sale_price`, `date_entered`, `removal_status`, `discount`) VALUES (9780804139021, 'The Martian', 25, 57, STR_TO_DATE('08-02-2014','%d-%m-%Y'), 369, 'The Martian is a 2011 science fiction novel written by Andy Weir. It was his debut novel under his own name.[a] It was originally self-published in 2011; Crown Publishing purchased the rights and re-released it in 2014. The story follows an American astronaut, Mark Watney, as he becomes stranded alone on Mars in the year 2035[1] and must improvise in order to survive.[2][3][4] The Martian, a film adaptation directed by Ridley Scott and starring Matt Damon, was released in October 2015.[5]', '9780804139021.jpg', 13.99, 21.99, 14.29, STR_TO_DATE('18-02-2019','%d-%m-%Y'), FALSE, 35);
INSERT INTO `ga3w20`.`books` (`isbn`, `title`, `author_id`, `publisher_id`, `data_publication`, `number_of_pages`, `description`, `image_url`, `wholesale_price`, `list_price`, `sale_price`, `date_entered`, `removal_status`, `discount`) VALUES (9780812974621, 'We', 26, 43, STR_TO_DATE('11-07-2006','%d-%m-%Y'), 240, 'Written in 1921, We is set in the One State, where all live for the collective good and individual freedom does not exist. The novel takes the form of the diary of mathematician D-503, who, to his shock, experiences the most disruptive emotion imaginable: love. At once satirical and sobering—and now available in a powerful new translation—We is both a rediscovered classic and a work of tremendous relevance to our own times.', '9780812974621.jpg', 17.04, 23.00, 23.00, STR_TO_DATE('19-02-2019','%d-%m-%Y'), FALSE, 0);
INSERT INTO `ga3w20`.`books` (`isbn`, `title`, `author_id`, `publisher_id`, `data_publication`, `number_of_pages`, `description`, `image_url`, `wholesale_price`, `list_price`, `sale_price`, `date_entered`, `removal_status`, `discount`) VALUES (9780571084838, 'Lord of the Flies', 27, 23, STR_TO_DATE('11-01-1973','%d-%m-%Y'), 176, 'The tale of a party of shipwrecked schoolboys, marooned on a coral island, who at first enjoy the freedom of the situation but soon divide into fearsome gangs which turn the paradise island into a nightmare of panic and death.', '9780571084838.jpg', 14.36, 14.36, 14.36, STR_TO_DATE('20-02-2019','%d-%m-%Y'), FALSE, 0);
INSERT INTO `ga3w20`.`books` (`isbn`, `title`, `author_id`, `publisher_id`, `data_publication`, `number_of_pages`, `description`, `image_url`, `wholesale_price`, `list_price`, `sale_price`, `date_entered`, `removal_status`, `discount`) VALUES (9781451673319, 'Fahrenheit 451', 28, 59, STR_TO_DATE('10-01-2012','%d-%m-%Y'), 256, 'Sixty years after its originally publication, Ray Bradbury’s internationally acclaimed novel Fahrenheit 451 stands as a classic of world literature set in a bleak, dystopian future. Today its message has grown more relevant than ever before.', '9781451673319.jpg', 20.29, 21.99, 21.99, STR_TO_DATE('21-02-2019','%d-%m-%Y'), FALSE, 0);
INSERT INTO `ga3w20`.`books` (`isbn`, `title`, `author_id`, `publisher_id`, `data_publication`, `number_of_pages`, `description`, `image_url`, `wholesale_price`, `list_price`, `sale_price`, `date_entered`, `removal_status`, `discount`) VALUES (9780771008795, 'The Handmaid''s Tale', 29, 41, STR_TO_DATE('06-09-2011','%d-%m-%Y'), 384, 'In this multi-award-winning, bestselling novel, Margaret Atwood has created a stunning Orwellian vision of the near future. This is the story of Offred, one of the unfortunate “Handmaids” under the new social order who have only one purpose: to breed. In Gilead, where women are prohibited from holding jobs, reading, and forming friendships, Offred’s persistent memories of life in the “time before” and her will to survive are acts of rebellion. Provocative, startling, prophetic, and with Margaret Atwood’s devastating irony, wit, and acute perceptive powers in full force, The Handmaid’s Tale is at once a mordant satire and a dire warning.', '9780771008795.jpg', 13.03, 19.95, 14.96, STR_TO_DATE('22-02-2019','%d-%m-%Y'), FALSE, 25);
INSERT INTO `ga3w20`.`books` (`isbn`, `title`, `author_id`, `publisher_id`, `data_publication`, `number_of_pages`, `description`, `image_url`, `wholesale_price`, `list_price`, `sale_price`, `date_entered`, `removal_status`, `discount`) VALUES (9780451465641, 'It Can''t Happen Here', 30, 58, STR_TO_DATE('07-01-2014','%d-%m-%Y'), 416, 'It Can’t Happen Here is the only one of Sinclair Lewis’s later novels to match the power of Main Street, Babbitt, and Arrowsmith. A cautionary tale about the fragility of democracy, it is an alarming, eerily timeless look at how fascism could take hold in America. Written during the Great Depression, when the country was largely oblivious to Hitler’s aggression, it juxtaposes sharp political satire with the chillingly realistic rise of a president who becomes a dictator to save the nation from welfare cheats, sex, crime, and a liberal press. Called “a message to thinking Americans” by the Springfield Republican when it was published in 1935, It Can’t Happen Here is a shockingly prescient novel that remains as fresh and contemporary as today’s news.', '9780451465641.jpg', 13.03, 11.99, 11.99, STR_TO_DATE('23-02-2019','%d-%m-%Y'), FALSE, 0);
INSERT INTO `ga3w20`.`books` (`isbn`, `title`, `author_id`, `publisher_id`, `data_publication`, `number_of_pages`, `description`, `image_url`, `wholesale_price`, `list_price`, `sale_price`, `date_entered`, `removal_status`, `discount`) VALUES (9780676977691, 'The Children of Men', 31, 68, STR_TO_DATE('26-07-2005','%d-%m-%Y'), 256, 'The Children of Men begins in England in 2021, in a world where all human males have become sterile and no child will be born again. The final generation has turned twenty-five, and civilization is giving way to strange faiths and cruelties, mass suicides and despair. Theodore Faron, Oxford historian and cousin to the omnipotent Warden of England, a dictator of great subtlety, has resigned himself to apathy. Then he meets Julian, a bright, attractive woman, who wants Theo to join her circle of unlikely revolutionaries, a move that may shatter his shell of passivity.… And maybe, just maybe, hold the key to survival for the human race.', '9780676977691.jpg', 15.59, 21.00, 16.8, STR_TO_DATE('24-02-2019','%d-%m-%Y'), FALSE, 20);
INSERT INTO `ga3w20`.`books` (`isbn`, `title`, `author_id`, `publisher_id`, `data_publication`, `number_of_pages`, `description`, `image_url`, `wholesale_price`, `list_price`, `sale_price`, `date_entered`, `removal_status`, `discount`) VALUES (9780771009419, 'American War: A Novel', 32, 22, STR_TO_DATE('30-01-2018','%d-%m-%Y'), 432, 'In a disturbingly believable near future, the need for sustainable energy has torn the United States apart. The South wants to maintain the use of fossil fuels, even though the government in The North has outlawed them. Now, unmanned drones patrol the skies, and future martyrs walk the markets. For the first time in three hundred years, America is caught up in a civil war. Out of this turmoil comes Sarat Chestnut, a southern girl born into the ongoing conflict. At a displaced persons camp, a mysterious older man takes her under his wing, and while her family tries to survive, Sarat is made into a deadly instrument of war, with consequences for the entire nation.', '9780771009419.jpg', 20.74, 26.74, 22.73, STR_TO_DATE('25-02-2019','%d-%m-%Y'), FALSE, 15);
INSERT INTO `ga3w20`.`books` (`isbn`, `title`, `author_id`, `publisher_id`, `data_publication`, `number_of_pages`, `description`, `image_url`, `wholesale_price`, `list_price`, `sale_price`, `date_entered`, `removal_status`, `discount`) VALUES (9780553025170, 'Logan''s Run', 33, 70, STR_TO_DATE('01-06-2000','%d-%m-%Y'), 216, 'The classic dystopian novel in which youth rules the world and good citizens must die when they turn twenty-one, or run for the mythical Sanctuary chased by deadly Sandmen.', '9780553025170.jpg', 16, 18.12, 18.12, STR_TO_DATE('26-02-2019','%d-%m-%Y'), FALSE, 0);
INSERT INTO `ga3w20`.`books` (`isbn`, `title`, `author_id`, `publisher_id`, `data_publication`, `number_of_pages`, `description`, `image_url`, `wholesale_price`, `list_price`, `sale_price`, `date_entered`, `removal_status`, `discount`) VALUES (9780062748775, 'Future Home of the Living God: A Novel', 34, 27, STR_TO_DATE('14-11-2017','%d-%m-%Y'), 288, 'Louise Erdrich, the New York Times bestselling, National Book Award-winning author of LaRose and The Round House, paints a startling portrait of a young woman fighting for her life and her unborn child against oppressive forces that manifest in the wake of a cataclysmic event.', '9780062748775.jpg', 26.64, 35.99, 35.99, STR_TO_DATE('27-02-2019','%d-%m-%Y'), FALSE, 0);
INSERT INTO `ga3w20`.`books` (`isbn`, `title`, `author_id`, `publisher_id`, `data_publication`, `number_of_pages`, `description`, `image_url`, `wholesale_price`, `list_price`, `sale_price`, `date_entered`, `removal_status`, `discount`) VALUES (9780099458234, 'Brave New World Revisited', 35, 69, STR_TO_DATE('26-10-2004','%d-%m-%Y'), 208, 'Huxley checks the progress of his prophecies in his seminar novel Brave New World thirty years after it was first published, covering issues such as overpopulation, propaganda, the art of selling and brainwashing, drugs and political control.', '9780099458234.jpg', 14.27, 21.95, 21.95, STR_TO_DATE('28-02-2019','%d-%m-%Y'), FALSE, 0);
INSERT INTO `ga3w20`.`books` (`isbn`, `title`, `author_id`, `publisher_id`, `data_publication`, `number_of_pages`, `description`, `image_url`, `wholesale_price`, `list_price`, `sale_price`, `date_entered`, `removal_status`, `discount`) VALUES (9781400078776, 'Never Let Me Go', 36,52 , STR_TO_DATE('01-01-2000','%d-%m-%Y'), 288, 'From the Booker Prize-winning author of \"The Remains of the Day \"comes a devastating new novel of innocence, knowledge, and loss. As children Kathy, Ruth, and Tommy were students at Hailsham, an exclusive boarding school secluded in the English countryside. It was a place of mercurial cliques and mysterious rules where teachers were constantly reminding their charges of how special they were.Now, years later, Kathy is a young woman. Ruth and Tommy have reentered her life. And for the first time she is beginning to look back at their shared past and understand just what it is that makes them special and how that gift will shape the rest of their time together. Suspenseful, moving, beautifully atmospheric, Never Let Me Go\" \"is another classic by the author of The Remains of the Day.\"', '9781400078776.jpg', 19.57, 29.57, 23.66, STR_TO_DATE('01-03-2019','%d-%m-%Y'), FALSE, 20);
INSERT INTO `ga3w20`.`books` (`isbn`, `title`, `author_id`, `publisher_id`, `data_publication`, `number_of_pages`, `description`, `image_url`, `wholesale_price`, `list_price`, `sale_price`, `date_entered`, `removal_status`, `discount`) VALUES (9780544340688, 'The Giver Movie Tie-In Edition', 37, 31, STR_TO_DATE('07-01-2014','%d-%m-%Y'), 256, 'In Borne, the epic new novel from Jeff VanderMeer, author of the acclaimed bestselling Southern Reach trilogy, a young woman named Rachel survives as a scavenger in a ruined, dangerous city of the near future. The city is littered with discarded experiments from the Company—a biotech firm now seemingly derelict—and punished by the unpredictable attacks of a giant bear. From one of her scavenging missions, Rachel brings home Borne, who is little more than a green lump—plant or animal?—but who exudes a strange charisma. Rachel feels a growing attachment to Borne, a protectiveness that she can ill afford. It’s exactly the kind of vulnerability that will upend her precarious existence, unnerving her partner, Wick, and upsetting the delicate balance of their unforgiving city—possibly forever. And yet, little as she understands what or who Borne may be, she cannot give him up, even as Borne grows and changes . . . “He was born, but I had borne him.”', '9780544340688.jpg', 13.42, 14.99, 14.99, STR_TO_DATE('02-03-2019','%d-%m-%Y'), FALSE, 0);
INSERT INTO `ga3w20`.`books` (`isbn`, `title`, `author_id`, `publisher_id`, `data_publication`, `number_of_pages`, `description`, `image_url`, `wholesale_price`, `list_price`, `sale_price`, `date_entered`, `removal_status`, `discount`) VALUES (9780356500539, 'Windup Girl', 38, 45, STR_TO_DATE('01-12-2010','%d-%m-%Y'), 505, 'Emiko is the Windup Girl, a strange and beautiful creature. Emiko is not human; she is an engineered being, grown and programmed to satisfy the decadent whims of a Kyoto businessman, but now abandoned to the streets of Bangkok. Regarded as soulless beings by some, devils by others, New People are slaves, soldiers, and toys of the rich in this chilling near future in which calorie companies rule the world, the oil age has passed, and the side effects of bio-engineered plagues run rampant across the globe.', '9780356500539.jpg', 13.78, 22.54, 22.54, STR_TO_DATE('03-03-2019','%d-%m-%Y'), FALSE, 0);
INSERT INTO `ga3w20`.`books` (`isbn`, `title`, `author_id`, `publisher_id`, `data_publication`, `number_of_pages`, `description`, `image_url`, `wholesale_price`, `list_price`, `sale_price`, `date_entered`, `removal_status`, `discount`) VALUES (9780439023481, 'The Hunger Games', 39, 55, STR_TO_DATE('01-01-2010','%d-%m-%Y'), 384, 'Winning means fame and fortune. Losing means certain death. The Hunger Games have begun. . . . In the ruins of a place once known as North America lies the nation of Panem, a shining Capitol surrounded by twelve outlying districts. The Capitol is harsh and cruel and keeps the districts in line by forcing them all to send one boy and one girl between the ages of twelve and eighteen to participate in the annual Hunger Games, a fight to the death on live TV. Sixteen-year-old Katniss Everdeen regards it as a death sentence when she steps forward to take her sister''s place in the Games. But Katniss has been close to dead before-and survival, for her, is second nature. Without really meaning to, she becomes a contender. But if she is to win, she will have to start making choices that weigh survival against humanity and life against love.', '9780439023481.jpg', 10.17, 16.99, 15.29, STR_TO_DATE('04-03-2019','%d-%m-%Y'), FALSE, 10);
INSERT INTO `ga3w20`.`books` (`isbn`, `title`, `author_id`, `publisher_id`, `data_publication`, `number_of_pages`, `description`, `image_url`, `wholesale_price`, `list_price`, `sale_price`, `date_entered`, `removal_status`, `discount`) VALUES (9781789263589, 'Individutopia: A novel set in a neoliberal dystopia', 40, 54, STR_TO_DATE('23-8-2018','%d-%m-%Y'), 174, 'Time will tell if Sheldon''s prophesies come to pass. The novel will do well to predict the future as well as novels such as 1984. But one thing is for certain, even now. This rebellious author has spun an exciting tale, filled with twists and turns that will make you want to finish this book in a single sitting. The plot is as well-formed, short and snappy, as any of the great works which have come before it. It really is a modern classic in the making.', '9781789263589.jpg', 11.77, 11.77, 11.77, STR_TO_DATE('05-03-2019','%d-%m-%Y'), FALSE, 0);
INSERT INTO `ga3w20`.`books` (`isbn`, `title`, `author_id`, `publisher_id`, `data_publication`, `number_of_pages`, `description`, `image_url`, `wholesale_price`, `list_price`, `sale_price`, `date_entered`, `removal_status`, `discount`) VALUES (9781478006688, 'Progressive Dystopia: Abolition, Antiblackness, and Schooling in San Francisco', 41, 20, STR_TO_DATE('15-11-2019','%d-%m-%Y'), 232, 'San Francisco is the endgame of gentrification, where racialized displacement means that the Black population of the city hovers at just over 3 percent. The Robeson Justice Academy opened to serve the few remaining low-income neighborhoods of the city, with the mission of offering liberatory, social justice--themed education to youth of color. While it features a progressive curriculum including Frantz Fanon and Audre Lorde, the majority Latinx school also has the district''s highest suspension rates for Black students. In Progressive Dystopia Savannah Shange explores the potential for reconciling the school''s marginalization of Black students with its sincere pursuit of multiracial uplift and solidarity. Drawing on ethnographic fieldwork and six years of experience teaching at the school, Shange outlines how the school fails its students and the community because it operates within a space predicated on antiblackness. Seeing San Francisco as a social laboratory for how Black communities survive the end of their worlds, Shange argues for abolition over revolution or progressive reform as the needed path toward Black freedom.', '9781478006688.jpg', 29.37, 33.9, 33.9, STR_TO_DATE('06-03-2019','%d-%m-%Y'), FALSE, 0);
INSERT INTO `ga3w20`.`books` (`isbn`, `title`, `author_id`, `publisher_id`, `data_publication`, `number_of_pages`, `description`, `image_url`, `wholesale_price`, `list_price`, `sale_price`, `date_entered`, `removal_status`, `discount`) VALUES (9780198753698, 'Making Dystopia: The Strange Rise and Survival of Architectural Barbarism', 42, 46, STR_TO_DATE('09-06-2018','%d-%m-%Y'), 592, 'In Making Dystopia, distinguished architectural historian James Stevens Curl tells the story of the advent of architectural Modernism in the aftermath of the First World War, its protagonists, and its astonishing, almost global acceptance after 1945. He argues forcefully that the triumph of architectural Modernism in the second half of the twentieth century led to massive destruction, the creation of alien urban landscapes, and a huge waste of resources. Moreover, the coming of Modernism was not an inevitable, seamless evolution, as many have insisted, but a massive, unparalled disruption that demanded a clean slate and the elimination of all ornament, decoration, and choice.', '9780198753698.jpg', 108.72, 108.72, 108.72, STR_TO_DATE('07-03-2019','%d-%m-%Y'), FALSE, 0);
INSERT INTO `ga3w20`.`books` (`isbn`, `title`, `author_id`, `publisher_id`, `data_publication`, `number_of_pages`, `description`, `image_url`, `wholesale_price`, `list_price`, `sale_price`, `date_entered`, `removal_status`, `discount`) VALUES (9780771009433, 'The Testaments: A Novel', 29, 41, STR_TO_DATE('10-09-2019','%d-%m-%Y'), 432, 'More than fifteen years after the events of The Handmaid''s Tale, the theocratic regime of the Republic of Gilead maintains its grip on power, but there are signs it is beginning to rot from within. At this crucial moment, the lives of three radically different women converge, with potentially explosive results.', '9780771009433.jpg', 20.08, 35.00, 35.00, STR_TO_DATE('19-01-2019','%d-%m-%Y'), FALSE, 0);
INSERT INTO `ga3w20`.`books` (`isbn`, `title`, `author_id`, `publisher_id`, `data_publication`, `number_of_pages`, `description`, `image_url`, `wholesale_price`, `list_price`, `sale_price`, `date_entered`, `removal_status`, `discount`) VALUES (9780141036144, 'Nineteen Eighty Four', 43, 49, STR_TO_DATE('29-07-2008','%d-%m-%Y'), 336, 'Winston Smith works for the Ministry of Truth in London, chief city of Airstrip One. Big Brother stares out from every poster, the Thought Police uncover every act of betrayal. When Winston finds love with Julia, he discovers that life does not have to be dull and deadening, and awakens to new possibilities.', '9780141036144.jpg', 11.87, 11.87, 11.87, STR_TO_DATE('19-01-2019','%d-%m-%Y'), FALSE, 0);
INSERT INTO `ga3w20`.`books` (`isbn`, `title`, `author_id`, `publisher_id`, `data_publication`, `number_of_pages`, `description`, `image_url`, `wholesale_price`, `list_price`, `sale_price`, `date_entered`, `removal_status`, `discount`) VALUES (9780307356543, 'Brave New World', 35, 68, STR_TO_DATE('28-08-2007','%d-%m-%Y'), 272, 'Marking the 75th anniversary of its original publication, Vintage Canada is proud to publish the first Canadian edition ever of the 1932 classic Brave New World with an original introduction by Margaret Atwood.Far in the future, the World Controllers have created the ideal society. Through clever use of genetic engineering, brainwashing and recreational sex and drugs, all its members are happy consumers. Bernard Marx seems alone in feeling discontent. Harbouring an unnatural desire for solitude, and a perverse distaste for the pleasure of compulsory promiscuity, Bernard has an ill-defined longing to break free. A visit to one of the few remaining Savage Reservations, where the old, imperfect life still continues, may be the cure for his distress.… Huxley’s ingenious fantasy of the future sheds a blazing light on the present and is considered to be his most enduring masterpiece.', '9780307356543.jpg', 16.78, 18.78, 15.96, STR_TO_DATE('19-01-2019','%d-%m-%Y'), FALSE, 15);
INSERT INTO `ga3w20`.`books` (`isbn`, `title`, `author_id`, `publisher_id`, `data_publication`, `number_of_pages`, `description`, `image_url`, `wholesale_price`, `list_price`, `sale_price`, `date_entered`, `removal_status`, `discount`) VALUES (9780307887436, 'Ready Player One ', 44, 16, STR_TO_DATE('16-08-2019','%d-%m-%Y'), 384, 'in the year 2045, reality is an ugly place. The only time Wade Watts really feels alive is when he’s jacked into the OASIS, a vast virtual world where most of humanity spends their days.', '9780307887436.jpg', 9.99, 11.99, 11.99, STR_TO_DATE('08-03-2019','%d-%m-%Y'), FALSE, 0);
INSERT INTO `ga3w20`.`books` (`isbn`, `title`, `author_id`, `publisher_id`, `data_publication`, `number_of_pages`, `description`, `image_url`, `wholesale_price`, `list_price`, `sale_price`, `date_entered`, `removal_status`, `discount`) VALUES (9781524759780, 'Recursion', 45, 16, STR_TO_DATE('06-11-2019','%d-%m-%Y'), 336, 'At first, it looks like a disease. An epidemic that spreads through no known means, driving its victims mad with memories of a life they never lived. But the force that’s sweeping the world is no pathogen. It’s just the first shock wave, unleashed by a stunning discovery—and what’s in jeopardy is not our minds but the very fabric of time itself.', '9781524759780.jpg', 12.99, 14.99, 14.99, STR_TO_DATE('09-03-2019','%d-%m-%Y'), FALSE, 0);
INSERT INTO `ga3w20`.`books` (`isbn`, `title`, `author_id`, `publisher_id`, `data_publication`, `number_of_pages`, `description`, `image_url`, `wholesale_price`, `list_price`, `sale_price`, `date_entered`, `removal_status`, `discount`) VALUES (9780553448146, 'Artemis', 25, 13, STR_TO_DATE('11-04-2017','%d-%m-%Y'), 320, 'Jasmine Bashara never signed up to be a hero. She just wanted to get rich. Not crazy, eccentric-billionaire rich, like many of the visitors to her hometown of Artemis, humanity’s first and only lunar colony. Just rich enough to move out of her coffin-sized apartment and eat something \nbetter than flavored algae. Rich enough to pay off a debt she’s owed for\n a long time. So when a chance at a huge score finally comes her way, Jazz can’t say \nno. Sure, it requires her to graduate from small-time smuggler to \nfull-on criminal mastermind. And it calls for a particular combination \nof cunning, technical skills, and large explosions—not to mention sheer \nbrazen swagger. But Jazz has never run into a challenge her intellect \ncan’t handle, and she figures she’s got the ‘swagger’ part down. \"', '9780553448146.jpg', 13.99, 15.99, 14.87, STR_TO_DATE('10-03-2019','%d-%m-%Y'), FALSE, 7);
INSERT INTO `ga3w20`.`books` (`isbn`, `title`, `author_id`, `publisher_id`, `data_publication`, `number_of_pages`, `description`, `image_url`, `wholesale_price`, `list_price`, `sale_price`, `date_entered`, `removal_status`, `discount`) VALUES (9781619760530, 'Elysium', 46, 4, STR_TO_DATE('12-01-2014','%d-%m-%Y'), 208, 'Adrianne walks in the busy city she lives in, sees an elk that no one else sees, goes shopping and then is a victim of a random accident. She goes home to her partner, Antoine, but he is so distant.Adrian lives in the city. He takes care of his partner, Antoine, now in terminal stage of an illness. Once a week, the nurse takes over and he meets up with his lover, Hector.\nAdrianne fights with her partner, Antoinette. Antoinette is now in terminal stage of an illness. Though she wants Adrianne to live her life, she warns her about her lover, Helen.\"', '9781619760530.jpg', 8.99, 9.99, 9.99, STR_TO_DATE('11-03-2019','%d-%m-%Y'), FALSE, 0);
INSERT INTO `ga3w20`.`books` (`isbn`, `title`, `author_id`, `publisher_id`, `data_publication`, `number_of_pages`, `description`, `image_url`, `wholesale_price`, `list_price`, `sale_price`, `date_entered`, `removal_status`, `discount`) VALUES (9780804137270, 'Armada', 44, 13, STR_TO_DATE('12-04-2019','%d-%m-%Y'), 384, 'Zack Lightman has spent his life dreaming. Dreaming that the real world could be a little more like the countless science-fiction books, movies, and videogames he’s spent his life consuming. Dreaming that one day, some fantastic, world-altering event will shatter the monotony of his humdrum existence and whisk him off on some grand space-faring adventure. ', '9780804137270.jpg', 11.99, 14.99, 14.99, STR_TO_DATE('12-03-2019','%d-%m-%Y'), FALSE, 0);
INSERT INTO `ga3w20`.`books` (`isbn`, `title`, `author_id`, `publisher_id`, `data_publication`, `number_of_pages`, `description`, `image_url`, `wholesale_price`, `list_price`, `sale_price`, `date_entered`, `removal_status`, `discount`) VALUES (9781529034523, 'The Hitchhiker''s Guide to the Galaxy', 47, 47, STR_TO_DATE('11-01-1995','%d-%m-%Y'), 216, 'Turtle Back books', '9781529034523.jpg', 11.99, 16.99, 16.99, STR_TO_DATE('13-03-2019','%d-%m-%Y'), FALSE, 0);
INSERT INTO `ga3w20`.`books` (`isbn`, `title`, `author_id`, `publisher_id`, `data_publication`, `number_of_pages`, `description`, `image_url`, `wholesale_price`, `list_price`, `sale_price`, `date_entered`, `removal_status`, `discount`) VALUES (9780441783588, 'Starship Troopers', 48, 1, STR_TO_DATE('15-05-1987','%d-%m-%Y'), 352, 'In one of Robert Heinlein''s most controversial bestsellers, a recruit of the future goes through the toughest boot camp in the Universe--and into battle with the Terran Mobile Infantry against mankind''s most frightening enemy.', '9780441783588.jpg', 15.99, 17.99, 17.99, STR_TO_DATE('14-03-2019','%d-%m-%Y'), FALSE, 0);
INSERT INTO `ga3w20`.`books` (`isbn`, `title`, `author_id`, `publisher_id`, `data_publication`, `number_of_pages`, `description`, `image_url`, `wholesale_price`, `list_price`, `sale_price`, `date_entered`, `removal_status`, `discount`) VALUES (9781443423656, 'The Humans', 49, 28, STR_TO_DATE('07-02-2013','%d-%m-%Y'), 304, 'The bestselling, award-winning author of The Radleys is back with what may be his best, funniest, and most devastating dark comedy yet. When an extraterrestrial visitor arrives on Earth, his first impressions of the human species are less than positive. Taking the form of Professor Andrew Martin, a prominent mathematician at Cambridge University, the visitor is eager to complete the gruesome task assigned him and hurry back home to the utopian world of his own planet, where everyone enjoys immortality and infinite knowledge.', '9781443423656.jpg', 12.99, 18.99, 18.99, STR_TO_DATE('15-03-2019','%d-%m-%Y'), FALSE, 0);
INSERT INTO `ga3w20`.`books` (`isbn`, `title`, `author_id`, `publisher_id`, `data_publication`, `number_of_pages`, `description`, `image_url`, `wholesale_price`, `list_price`, `sale_price`, `date_entered`, `removal_status`, `discount`) VALUES (9780451457998, '2001:a Space Odyssey', 50, 1, STR_TO_DATE('02-06-1951','%d-%m-%Y'), 320, 'From the savannas of Africa at the dawn of mankind to the rings of Saturn as man ventures to the outer rim of our solar system, 2001: A Space Odyssey is a journey unlike any other. This allegory about humanity’s exploration of their universe, and the universe’s reaction to humanity was the basis for director Stanley Kubrick’s immortal film, and lives on as a hallmark achievement in storytellin.', '9780451457998.jpg', 10.99, 14.99, 14.99, STR_TO_DATE('16-03-2019','%d-%m-%Y'), FALSE, 0);
INSERT INTO `ga3w20`.`books` (`isbn`, `title`, `author_id`, `publisher_id`, `data_publication`, `number_of_pages`, `description`, `image_url`, `wholesale_price`, `list_price`, `sale_price`, `date_entered`, `removal_status`, `discount`) VALUES (9781408855652, 'Harry Potter and the Sorcerer''s Stone', 51, 11, STR_TO_DATE('01-09-2014','%d-%m-%Y'), 352, 'Harry Potter has never even heard of Hogwarts when the letters start dropping on the doormat at number four, Privet Drive. Addressed in green ink on yellowish parchment with a purple seal, they are swiftly confiscated by his grisly aunt and uncle. Then, on Harry''s eleventh birthday, a great beetle-eyed giant of a man called Rubeus Hagrid bursts in with some astonishing news: Harry Potter is a wizard, and he has a place at Hogwarts School of Witchcraft and Wizardry. An incredible adventure is about to begin! These new editions of the classic and internationally bestselling, multi-award-winning series feature instantly pick-up-able new jackets by Jonny Duddle, with huge child appeal, to bring Harry Potter to the next generation of readers.', '9781408855652.jpg', 10.51, 13.51, 12.16, STR_TO_DATE('17-03-2019','%d-%m-%Y'), FALSE, 10);

INSERT INTO `ga3w20`.`books` (`isbn`, `title`, `author_id`, `publisher_id`, `data_publication`, `number_of_pages`, `description`, `image_url`, `wholesale_price`, `list_price`, `sale_price`, `date_entered`, `removal_status`, `discount`) VALUES (9780553381689, 'A Game of Thrones', 52, 7, STR_TO_DATE('28-05-2002','%d-%m-%Y'), 720, 'Winter is coming. Such is the stern motto of House Stark, the northernmost of the fiefdoms that owe allegiance to King Robert Baratheon in far-off King''s Landing. There Eddard Stark of Winterfell rules in Robert''s name. There his family dwells in peace and comfort: his proud wife, Catelyn; his sons Robb, Brandon, and Rickon; his daughters Sansa and Arya; and his bastard son, Jon Snow. Far to the north, behind the towering Wall, lie savage Wildings and worse - unnatural things relegated to myth during the centuries-long summer, but proving all too real and all too deadly in the turning of the season. Yet a more immediate threat lurks to the south, where Jon Arryn, the Hand of the King, has died under mysterious circumstances. Now Robert is riding north to Winterfell, bringing his queen, the lovely but cold Cersei, his son, the cruel, vainglorious Prince Joffrey, and the queen''s brothers Jaime and Tyrion of the powerful and wealthy House Lannister - the first a swordsman without equal, the second a dwarf whose stunted stature belies a brilliant mind.', '9780553381689.jpg', 7.99, 11.99, 11.99, STR_TO_DATE('18-03-2019','%d-%m-%Y'), FALSE, 0);
INSERT INTO `ga3w20`.`books` (`isbn`, `title`, `author_id`, `publisher_id`, `data_publication`, `number_of_pages`, `description`, `image_url`, `wholesale_price`, `list_price`, `sale_price`, `date_entered`, `removal_status`, `discount`) VALUES (9780756404741, 'Name of the Wind', 53, 18, STR_TO_DATE('04-01-2008','%d-%m-%Y'), 800, 'The riveting first-person narrative of a young man who grows to be the most notorious magician his world has ever seen. From his childhood in a troupe of traveling players, to years spent as a near-feral orphan in a crime- ridden city, to his daringly brazen yet successful bid to enter a legendary school of magic, The Name of the Wind is a masterpiece that transports readers into the body and mind of a wizard. It is a high-action novel written with a poet''s hand, a powerful coming-of-age story of a magically gifted young man, told through his eyes: to read this book is to be the hero.', '9780756404741.jpg', 9.99, 12.99, 11.04, STR_TO_DATE('19-03-2019','%d-%m-%Y'), FALSE, 15);
INSERT INTO `ga3w20`.`books` (`isbn`, `title`, `author_id`, `publisher_id`, `data_publication`, `number_of_pages`, `description`, `image_url`, `wholesale_price`, `list_price`, `sale_price`, `date_entered`, `removal_status`, `discount`) VALUES (9780765365279, 'The Way of Kings', 54, 65, STR_TO_DATE('24-03-2011','%d-%m-%Y'), 1280, 'Roshar is a world of stone and storms. Uncanny tempests of incredible power sweep across the rocky terrain so frequently that they have shaped ecology and civilization alike. Animals hide in shells, trees pull in branches, and grass retracts into the soilless ground. Cities are built only where the topography offers shelter.', '9780765365279.jpg', 8.31, 14.5, 14.5, STR_TO_DATE('20-03-2019','%d-%m-%Y'), FALSE, 0);
INSERT INTO `ga3w20`.`books` (`isbn`, `title`, `author_id`, `publisher_id`, `data_publication`, `number_of_pages`, `description`, `image_url`, `wholesale_price`, `list_price`, `sale_price`, `date_entered`, `removal_status`, `discount`) VALUES (9781481465588, 'A Wizard of Earthsea', 55, 25, STR_TO_DATE('30-10-2018','%d-%m-%Y'), 1008, 'Originally published in 1968, Ursula K. Le Guin’s A Wizard of Earthsea marks the first of the six now beloved Earthsea titles. Ged was the greatest sorcerer in Earthsea, but in his youth he was the reckless Sparrowhawk. In his hunger for power and knowledge, he tampered with long-held secrets and loosed a terrible shadow upon the world. This is the tumultuous tale of his testing, how he mastered the mighty words of power, tamed an ancient dragon, and crossed death''s threshold to restore the balance.', '9781481465588.jpg', 9.19, 11.5, 11.5, STR_TO_DATE('21-03-2019','%d-%m-%Y'), FALSE, 0);
INSERT INTO `ga3w20`.`books` (`isbn`, `title`, `author_id`, `publisher_id`, `data_publication`, `number_of_pages`, `description`, `image_url`, `wholesale_price`, `list_price`, `sale_price`, `date_entered`, `removal_status`, `discount`) VALUES (9780553573398, 'Assassin''s Apprentice', 56, 61, STR_TO_DATE('03-01-1996','%d-%m-%Y'), 448, 'Young Fitz is the bastard son of the noble Prince Chivalry, raised in the shadow of the royal court by his father’s gruff stableman. He is treated as an outcast by all the royalty except the devious King Shrewd, who has him secretly tutored in the arts of the assassin. For in Fitz’s blood runs the magic Skill—and the darker knowledge of a child raised with the stable hounds and rejected by his family.', '9780553573398.jpg', 12.41, 13.99, 13.99, STR_TO_DATE('22-03-2019','%d-%m-%Y'), FALSE, 0);
INSERT INTO `ga3w20`.`books` (`isbn`, `title`, `author_id`, `publisher_id`, `data_publication`, `number_of_pages`, `description`, `image_url`, `wholesale_price`, `list_price`, `sale_price`, `date_entered`, `removal_status`, `discount`) VALUES (9780575079755, 'Lies of Locke Lamora', 57, 26, STR_TO_DATE('02-01-2007','%d-%m-%Y'), 544, 'They say that the Thorn of Camorr can beat anyone in a fight. They say he steals from the rich and gives to the poor. They say he''s part man, part myth, and mostly street-corner rumor. And they are wrong on every count. Only averagely tall, slender, and god-awful with a sword, Locke Lamora is the fabled Thorn, and the greatest weapons at his disposal are his wit and cunning. He steals from the rich - they''re the only ones worth stealing from - but the poor can go steal for themselves. What Locke cons, wheedles and tricks into his possession is strictly for him and his band of fellow con-artists and thieves: the Gentleman Bastards. Together their domain is the city of Camorr. Built of Elderglass by a race no-one remembers, it''s a city of shifting revels, filthy canals, baroque palaces and crowded cemeteries. Home to Dons, merchants, soldiers, beggars, cripples, and feral children. And to Capa Barsavi, the criminal mastermind who runs the city. But there are whispers of a challenge to the Capa''s power. A challenge from a man no one has ever seen, a man no blade can touch.', '9780575079755.jpg', 15.99, 20.00, 20.00, STR_TO_DATE('20-03-2019','%d-%m-%Y'), FALSE, 0);
INSERT INTO `ga3w20`.`books` (`isbn`, `title`, `author_id`, `publisher_id`, `data_publication`, `number_of_pages`, `description`, `image_url`, `wholesale_price`, `list_price`, `sale_price`, `date_entered`, `removal_status`, `discount`) VALUES (9780765342980, 'Kushiel''s Dart', 58, 65, STR_TO_DATE('15-03-2002','%d-%m-%Y'), 928, 'Phèdre nó Delaunay is a young woman who was born with a scarlet mote in her left eye. Sold into indentured servitude as a child, her bond is purchased by Anafiel Delaunay, a nobleman with very a special mission...and the first one to recognize who and what she is: one pricked by Kushiel''s Dart, chosen to forever experience pain and pleasure as one.', '9780765342980.jpg', 10.99, 12.00, 12.00, STR_TO_DATE('23-03-2019','%d-%m-%Y'), FALSE, 0);
INSERT INTO `ga3w20`.`books` (`isbn`, `title`, `author_id`, `publisher_id`, `data_publication`, `number_of_pages`, `description`, `image_url`, `wholesale_price`, `list_price`, `sale_price`, `date_entered`, `removal_status`, `discount`) VALUES (9780141325491, 'The Lost Hero', 59, 51, STR_TO_DATE('01-10-2011','%d-%m-%Y'), 554, 'Jason has a problem. He doesn''t remember anything before waking up on a school bus holding hands with a girl. Apparently she''s his girlfriend Piper, his best friend is a kid named Leo, and they''re all students in the Wilderness School, a boarding school for \"bad kids.\" What he did to end up here, Jason has no idea—except that everything seems very wrong.', '9780141325491.jpg', 17.24, 20.00, 20.00, STR_TO_DATE('24-03-2019','%d-%m-%Y'), FALSE, 0);
INSERT INTO `ga3w20`.`books` (`isbn`, `title`, `author_id`, `publisher_id`, `data_publication`, `number_of_pages`, `description`, `image_url`, `wholesale_price`, `list_price`, `sale_price`, `date_entered`, `removal_status`, `discount`) VALUES (9780316038638, 'Where the Mountain Meets the Moon', 60, 38, STR_TO_DATE('04-12-2011','%d-%m-%Y'), 320, 'In the valley of Fruitless mountain, a young girl named Minli lives in a ramshackle hut with her parents. In the evenings, her father regales her with old folktales of the Jade Dragon and the Old Man on the Moon, who knows the answers to all of life''s questions. Inspired by these stories, Minli sets off on an extraordinary journey to find the Old Man on the Moon to ask him how she can change her family''s fortune. She encounters an assorted cast of characters and magical creatures along the way, including a dragon who accompanies her on her quest for the ultimate answer.', '9780316038638.jpg', 12.79, 14.79, 13.31, STR_TO_DATE('25-03-2019','%d-%m-%Y'), FALSE, 10);
INSERT INTO `ga3w20`.`books` (`isbn`, `title`, `author_id`, `publisher_id`, `data_publication`, `number_of_pages`, `description`, `image_url`, `wholesale_price`, `list_price`, `sale_price`, `date_entered`, `removal_status`, `discount`) VALUES (9781416975861, 'The Clockwork Angel ', 61, 39, STR_TO_DATE('31-08-2010','%d-%m-%Y'), 496, 'When sixteen-year-old Tessa Gray crosses the ocean to find her brother, her destination is England, the time is the reign of Queen Victoria, and something terrifying is waiting for her in London''s Downworld, where vampires, warlocks and other supernatural folk stalk the gaslit streets. Only the Shadowhunters, warriors dedicated to ridding the world of demons, keep order amidst the chaos.', '9781416975861.jpg', 11.99, 14.5, 14.5, STR_TO_DATE('26-03-2019','%d-%m-%Y'), FALSE, 0);
INSERT INTO `ga3w20`.`books` (`isbn`, `title`, `author_id`, `publisher_id`, `data_publication`, `number_of_pages`, `description`, `image_url`, `wholesale_price`, `list_price`, `sale_price`, `date_entered`, `removal_status`, `discount`) VALUES (9781619630345, 'Throne of Glass', 62, 12, STR_TO_DATE('05-07-2013','%d-%m-%Y'), 432, 'After serving out a year of hard labor in the salt mines of Endovier for her crimes, 18-year-old assassin Celaena Sardothien is dragged before the Crown Prince. Prince Dorian offers her her freedom on one condition: she must act as his champion in a competition to find a new royal assassin.', '9781619630345.jpg', 11.99, 13.99, 13.99, STR_TO_DATE('27-03-2019','%d-%m-%Y'), FALSE, 0);
INSERT INTO `ga3w20`.`books` (`isbn`, `title`, `author_id`, `publisher_id`, `data_publication`, `number_of_pages`, `description`, `image_url`, `wholesale_price`, `list_price`, `sale_price`, `date_entered`, `removal_status`, `discount`) VALUES (9780062310644, 'Red Queen', 63, 29, STR_TO_DATE('06-07-2016','%d-%m-%Y'), 416, 'Mare Barrow’s world is divided by blood—those with common, Red blood serve the Silver-blooded elite, who are gifted with superhuman abilities. Mare is a Red, scraping by as a thief in a poor, rural village, until a twist of fate throws her in front of the Silver court. There, before the king, princes, and all the nobles, she discovers she has an ability of her own.', '9780062310644.jpg', 17.32, 22.5, 22.5, STR_TO_DATE('28-03-2019','%d-%m-%Y'), FALSE, 0);
INSERT INTO `ga3w20`.`books` (`isbn`, `title`, `author_id`, `publisher_id`, `data_publication`, `number_of_pages`, `description`, `image_url`, `wholesale_price`, `list_price`, `sale_price`, `date_entered`, `removal_status`, `discount`) VALUES (9780547258300, 'Graceling', 64, 31, STR_TO_DATE('24-08-2009','%d-%m-%Y'), 512, 'Graceling tells the story of the vulnerable-yet-strong Katsa, who is smart and beautiful and lives in the Seven Kingdoms where selected people are born with a Grace, a special talent that can be anything at all. Katsa''s Grace is killing. As the king''s niece, she is forced to use her extreme skills as his brutal enforcer. Until the day she meets Prince Po, who is Graced with combat skills, and Katsa''s life begins to change. She never expects to become Po''s friend. She never expects to learn a new truth about her own Grace-or about a terrible secret that lies hidden far away . . . a secret that could destroy all seven kingdoms with words alone .', '9780547258300.jpg', 13.99, 16.99, 15.29, STR_TO_DATE('29-03-2019','%d-%m-%Y'), FALSE, 10);
INSERT INTO `ga3w20`.`books` (`isbn`, `title`, `author_id`, `publisher_id`, `data_publication`, `number_of_pages`, `description`, `image_url`, `wholesale_price`, `list_price`, `sale_price`, `date_entered`, `removal_status`, `discount`) VALUES (9780316134026, 'Daughter of Smoke & Bone', 65, 38, STR_TO_DATE('27-09-2011','%d-%m-%Y'), 432, 'Around the world, black handprints are appearing on doorways, scorched there by winged strangers who have crept through a slit in the sky. In a dark and dusty shop, a devil''s supply of human teeth grown dangerously low. And in the tangled lanes of Prague, a young art student is about to be caught up in a brutal otherwordly war. Meet Karou. She fills her sketchbooks with monsters that may or may not be real; she''s prone to disappearing on mysterious \"errands\"; she speaks many languages--not all of them human; and her bright blue hair actually grows out of her head that color. Who is she? That is the question that haunts her, and she''s about to find out.', '9780316134026.jpg', 6, 10.00, 8.00, STR_TO_DATE('30-03-2019','%d-%m-%Y'), FALSE, 20);
INSERT INTO `ga3w20`.`books` (`isbn`, `title`, `author_id`, `publisher_id`, `data_publication`, `number_of_pages`, `description`, `image_url`, `wholesale_price`, `list_price`, `sale_price`, `date_entered`, `removal_status`, `discount`) VALUES (9781250211101, 'Six of Crows', 66,30, STR_TO_DATE('27-08-2016','%d-%m-%Y'), 496, 'Six dangerous outcasts. One impossible heist. Set in the same world as the New York Times-bestselling The Grisha Trilogy, Leigh Bardugo’s Six of Crows introduces readers to a whole new cast of fantastic characters, cities, and cultures. Follow Kaz and his crew into a world of magic and mayhem as they attempt to pull off―and survive―the job of a lifetime.', '9781250211101.jpg', 28.71, 32.51, 32.51, STR_TO_DATE('31-03-2019','%d-%m-%Y'), FALSE, 0);
INSERT INTO `ga3w20`.`books` (`isbn`, `title`, `author_id`, `publisher_id`, `data_publication`, `number_of_pages`, `description`, `image_url`, `wholesale_price`, `list_price`, `sale_price`, `date_entered`, `removal_status`, `discount`) VALUES (9781595148049, 'An Ember in the Ashes', 67, 53, STR_TO_DATE('02-09-2016','%d-%m-%Y'), 480, 'An Ember in the Ashes is a young adult fantasy novel by Sabaa Tahir, that recounts the struggles of 17-year-old Laia to save her older brother from the clutches of the Empire, while Aspirant to become Emperor, Elias Verturius, struggles to find a way to leave the Empire.', '9781595148049.jpg', 15.83, 17.83, 17.83, STR_TO_DATE('01-04-2019','%d-%m-%Y'), FALSE, 0);
INSERT INTO `ga3w20`.`books` (`isbn`, `title`, `author_id`, `publisher_id`, `data_publication`, `number_of_pages`, `description`, `image_url`, `wholesale_price`, `list_price`, `sale_price`, `date_entered`, `removal_status`, `discount`) VALUES (9780399171611, 'The Wrath & the Dawn', 68, 24, STR_TO_DATE('05-12-2015','%d-%m-%Y'), 416, 'Every dawn brings horror to a different family in a land ruled by a killer. Khalid, the eighteen-year-old Caliph of Khorasan, takes a new bride each night only to have her executed at sunrise. So it is a suspicious surprise when sixteen-year-old Shahrzad volunteers to marry Khalid. But she does so with a clever plan to stay alive and exact revenge on the Caliph for the murder of her best friend and countless other girls. Shazi’s wit and will, indeed, get her through to the dawn that no others have seen, but with a catch . . . she’s falling in love with the very boy who killed her dearest friend.', '9780399171611.jpg', 8.84, 18.84, 9.42, STR_TO_DATE('02-04-2019','%d-%m-%Y'), FALSE, 50);
INSERT INTO `ga3w20`.`books` (`isbn`, `title`, `author_id`, `publisher_id`, `data_publication`, `number_of_pages`, `description`, `image_url`, `wholesale_price`, `list_price`, `sale_price`, `date_entered`, `removal_status`, `discount`) VALUES (9780761463276, 'Angelfall', 69, 60, STR_TO_DATE('28-08-2012','%d-%m-%Y'), 288, 'It’s been six weeks since angels of the apocalypse descended to demolish the modern world. Street gangs rule the day while fear and superstition rule the night. When warrior angels fly away with a helpless little girl, her seventeen-year-old sister Penryn will do anything to get her back. Anything, including making a deal with Raffe, an injured enemy angel. Traveling through a dark and twisted Northern California, they journey toward the angels’ stronghold in San Francisco, where Penryn will risk everything to rescue her sister and Raffe will put himself at the mercy of his greatest enemies for the chance to be made whole again.', '9780761463276.jpg', 8, 19, 9.5, STR_TO_DATE('03-04-2019','%d-%m-%Y'), FALSE, 50);
INSERT INTO `ga3w20`.`books` (`isbn`, `title`, `author_id`, `publisher_id`, `data_publication`, `number_of_pages`, `description`, `image_url`, `wholesale_price`, `list_price`, `sale_price`, `date_entered`, `removal_status`, `discount`) VALUES (9780316229296, 'The Fifth Season', 70, 45, STR_TO_DATE('08-04-2015','%d-%m-%Y'), 512, 'A season of endings has begun. It starts with the great red rift across the heart of the world''s sole continent, spewing ash that blots out the sun. It starts with death, with a murdered son and a missing daughter. It starts with betrayal, and long dormant wounds rising up to fester. This is the Stillness, a land long familiar with catastrophe, where the power of the earth is wielded as a weapon. And where there is no mercy.', '9780316229296.jpg', 20.78, 25.78, 25.78, STR_TO_DATE('04-04-2019','%d-%m-%Y'), FALSE, 0);
INSERT INTO `ga3w20`.`books` (`isbn`, `title`, `author_id`, `publisher_id`, `data_publication`, `number_of_pages`, `description`, `image_url`, `wholesale_price`, `list_price`, `sale_price`, `date_entered`, `removal_status`, `discount`) VALUES (9781250295446, 'Children of Blood and Bone', 71, 30, STR_TO_DATE('03-06-2018','%d-%m-%Y'), 537, 'Zélie Adebola remembers when the soil of Orïsha hummed with magic. Burners ignited flames, Tiders beckoned waves, and Zélie''s Reaper mother summoned forth souls. But everything changed the night magic disappeared. Under the orders of a ruthless king, maji were killed, leaving Zélie without a mother and her people without hope. Now Zélie has one chance to bring back magic and strike against the monarchy. With the help of a rogue princess, Zélie must outwit and outrun the crown prince, who is hell-bent on eradicating magic for good.', '9781250295446.jpg', 7.53, 13.53, 9.47, STR_TO_DATE('05-04-2019','%d-%m-%Y'), FALSE, 30);
INSERT INTO `ga3w20`.`books` (`isbn`, `title`, `author_id`, `publisher_id`, `data_publication`, `number_of_pages`, `description`, `image_url`, `wholesale_price`, `list_price`, `sale_price`, `date_entered`, `removal_status`, `discount`) VALUES (9780345538987, 'Jurassic Park', 72, 5, STR_TO_DATE('11-07-1990','%d-%m-%Y'), 466, '\"An astonishing technique for recovering and cloning dinosaur DNA has been discovered. Now humankind’s most thrilling fantasies have come true. Creatures extinct for eons roam Jurassic Park with their awesome presence and profound mystery, and all the world can visit them—for a price. Until something goes wrong.\"', '9780345538987.jpg', 9.99, 9.99, 9.99, STR_TO_DATE('06-04-2019','%d-%m-%Y'), FALSE, 0);
INSERT INTO `ga3w20`.`books` (`isbn`, `title`, `author_id`, `publisher_id`, `data_publication`, `number_of_pages`, `description`, `image_url`, `wholesale_price`, `list_price`, `sale_price`, `date_entered`, `removal_status`, `discount`) VALUES (9780618260300, 'The Hobbit', 73,32, STR_TO_DATE('21-09-1937','%d-%m-%Y'), 366, '\"In a hole in the ground there lived a hobbit. Not a nasty, dirty, wet hole, filled with the ends of worms and an oozy smell, nor yet a dry, bare, sandy hole with nothing in it to sit down on or to eat: it was a hobbit-hole, and that means comfort.	\"', '9780618260300.jpg', 7.79, 10.99, 10.99, STR_TO_DATE('07-04-2019','%d-%m-%Y'), FALSE, 0);
INSERT INTO `ga3w20`.`books` (`isbn`, `title`, `author_id`, `publisher_id`, `data_publication`, `number_of_pages`, `description`, `image_url`, `wholesale_price`, `list_price`, `sale_price`, `date_entered`, `removal_status`, `discount`) VALUES (9780618346257, 'The Fellowship of the Ring', 73, 42, STR_TO_DATE('29-07-1954','%d-%m-%Y'), 398, 'One Ring to rule them all, One Ring to find them, One Ring to bring them all and in the darkeness bind them. In ancient times the Rings of Power were crafted by the Elven-smiths, and Sauron, The Dark Lord, forged the One Ring, filling it with his own power so that he could rule all others. But the One Ring was taken from him, and though he sought it throughout Middle-earth, it remained lost to him. After many ages it fell into the hands of Bilbo Baggins, as told in The Hobbit. In a sleepy village in the Shire, young Frodo Baggins finds himself faced with an immense task, as his elderly cousin Bilbo entrusts the Ring to his care. Frodo must leave his home and make a perilous journey across Middle-earth to the Cracks of Doom, there to destroy the Ring and foil the Dark Lord in his evil purpose.', '9780618346257.jpg', 10.48, 15.99, 12.79, STR_TO_DATE('08-04-2019','%d-%m-%Y'), FALSE, 20);
INSERT INTO `ga3w20`.`books` (`isbn`, `title`, `author_id`, `publisher_id`, `data_publication`, `number_of_pages`, `description`, `image_url`, `wholesale_price`, `list_price`, `sale_price`, `date_entered`, `removal_status`, `discount`) VALUES (9780307277671, 'The Da Vinci Code', 74, 3, STR_TO_DATE('18-03-2003','%d-%m-%Y'), 489, 'An ingenious code hidden in the works of Leonardo da Vinci. A desperate race through the cathedrals and castles of Europe. An astonishing truth concealed for centuries . . . unveiled at last. While in Paris, Harvard symbologist Robert Langdon is awakened by a phone call in the dead of the night. The elderly curator of the Louvre has been murdered inside the museum, his body covered in baffling symbols. As Langdon and gifted French cryptologist Sophie Neveu sort through the bizarre riddles, they are stunned to discover a trail of clues hidden in the works of Leonardo da Vinci—clues visible for all to see and yet ingeniously disguised by the painter. Even more startling, the late curator was involved in the Priory of Sion—a secret society whose members included Sir Isaac Newton, Victor Hugo, and Da Vinci—and he guarded a breathtaking historical secret. Unless Langdon and Neveu can decipher the labyrinthine puzzle—while avoiding the faceless adversary who shadows their every move—the explosive, ancient truth will be lost forever', '9780307277671.jpg', 4.99, 16.95, 16.95, STR_TO_DATE('09-04-2019','%d-%m-%Y'), FALSE, 0);
INSERT INTO `ga3w20`.`books` (`isbn`, `title`, `author_id`, `publisher_id`, `data_publication`, `number_of_pages`, `description`, `image_url`, `wholesale_price`, `list_price`, `sale_price`, `date_entered`, `removal_status`, `discount`) VALUES (9780307949486, 'The Girl with the Dragon Tattoo', 75, 36, STR_TO_DATE('16-09-2008','%d-%m-%Y'), 465, 'Harriet Vanger, a scion of one of Sweden’s wealthiest families disappeared over forty years ago. All these years later, her aged uncle continues to seek the truth. He hires Mikael Blomkvist, a crusading journalist recently trapped by a libel conviction, to investigate. He is aided by the pierced and tattooed punk prodigy Lisbeth Salander. Together they tap into a vein of unfathomable iniquity and astonishing corruption. An international publishing sensation, Stieg Larsson’s The Girl with the Dragon Tattoo combines murder mystery, family saga, love story, and financial intrigue into one satisfyingly complex and entertainingly atmospheric novel.', '9780307949486.jpg', 7.29, 9.99, 8.99, STR_TO_DATE('10-04-2019','%d-%m-%Y'), FALSE, 10);
INSERT INTO `ga3w20`.`books` (`isbn`, `title`, `author_id`, `publisher_id`, `data_publication`, `number_of_pages`, `description`, `image_url`, `wholesale_price`, `list_price`, `sale_price`, `date_entered`, `removal_status`, `discount`) VALUES (9780752864327, 'The Bourne Identity', 76, 45, STR_TO_DATE('02-04-1980','%d-%m-%Y'), 566, 'Who is Jason Bourne? Is he an assassin, a terrorist, a thief? Why has he got four million dollars in a Swiss bank account? Why has someone tried to murder him?... Jason Bourne does not know the answer to any of these questions. Suffering from amnesia, he does not even know that he is Jason Bourne. What manner of man is he? What are his secrets? Who has he killed?', '9780752864327.jpg', 8.79, 9.99, 9.99, STR_TO_DATE('11-04-2019','%d-%m-%Y'), FALSE, 0);
INSERT INTO `ga3w20`.`books` (`isbn`, `title`, `author_id`, `publisher_id`, `data_publication`, `number_of_pages`, `description`, `image_url`, `wholesale_price`, `list_price`, `sale_price`, `date_entered`, `removal_status`, `discount`) VALUES (9780425172902, 'The Hunt for Red October', 77, 10,STR_TO_DATE('28-10-1984','%d-%m-%Y'), 432, 'Here is the runaway bestseller that launched Tom Clancy''s phenomenal career. A military thriller so gripping in its action and so convincing in its accuracy that the author was rumored to have been debriefed by the White House. Its theme: the greatest espionage coup in history. Its story: the chase for a top secret Russian missile sub. Lauded by the Washington Post as \"breathlessly exciting.\" The Hunt for Red October remains a masterpiece of military fiction by one of the world''s most popular authors, a man whose shockingly realistic scenarios continue to hold us in thrall. Somewhere under the Atlantic, a Soviet sub commander has just made a fateful decision. The Red October is heading west. The Americans want her. The Russians want her back. And the most incredible chase in history is on...', '9780425172902.jpg', 5.98, 9.99, 8.99, STR_TO_DATE('12-04-2019','%d-%m-%Y'), FALSE, 10);
INSERT INTO `ga3w20`.`books` (`isbn`, `title`, `author_id`, `publisher_id`, `data_publication`, `number_of_pages`, `description`, `image_url`, `wholesale_price`, `list_price`, `sale_price`, `date_entered`, `removal_status`, `discount`) VALUES (9780140449266, 'The Count of Monte Cristo', 78, 48, STR_TO_DATE('27-05-2003','%d-%m-%Y'), 1276, 'Thrown in prison for a crime he has not committed, Edmond Dantes is confined to the grim fortress of If. There he learns of a great hoard of treasure hidden on the Isle of Monte Cristo and he becomes determined not only to escape, but also to unearth the treasure and use it to plot the destruction of the three men responsible for his incarceration. Dumas’ epic tale of suffering and retribution, inspired by a real-life case of wrongful imprisonment, was a huge popular success when it was first serialized in the 1840s.obin Buss’s lively English translation is complete and unabridged, and remains faithful to the style of Dumas’s original. This edition includes an introduction, explanatory notes and suggestions for further reading. For more than seventy years, Penguin has been the leading publisher of classic literature in the English-speaking world. With more than 1,700 titles, Penguin Classics represents a global bookshelf of the best works throughout history and across genres and disciplines. Readers trust the series to provide authoritative texts enhanced by introductions and notes by distinguished scholars and contemporary authors, as well as up-to-date translations by award-winning translators.', '9780140449266.jpg', 9.99, 15.99, 15.99, STR_TO_DATE('13-04-2019','%d-%m-%Y'), FALSE, 0);
INSERT INTO `ga3w20`.`books` (`isbn`, `title`, `author_id`, `publisher_id`, `data_publication`, `number_of_pages`, `description`, `image_url`, `wholesale_price`, `list_price`, `sale_price`, `date_entered`, `removal_status`, `discount`) VALUES (9780439023498, 'Catching Fire', 39, 55, STR_TO_DATE('09-01-2009','%d-%m-%Y'), 391, 'Against all odds, Katniss has won the Hunger Games. She and fellow District 12 tribute Peeta Mellark are miraculously still alive. Katniss should be relieved, happy even. After all, she has returned to her family and her longtime friend, Gale. Yet nothing is the way Katniss wishes it to be. Gale holds her at an icy distance. Peeta has turned his back on her completely. And there are whispers of a rebellion against the Capitol - a rebellion that Katniss and Peeta may have helped create. Much to her shock, Katniss has fueled an unrest she''s afraid she cannot stop. And what scares her even more is that she''s not entirely convinced she should try. As time draws near for Katniss and Peeta to visit the districts on the Capitol''s cruel Victory Tour, the stakes are higher than ever. If they can''t prove, without a shadow of a doubt, that they are lost in their love for each other, the consequences will be horrifying.', '9780439023498.jpg', 11.59, 18.99, 14.24, STR_TO_DATE('14-04-2019','%d-%m-%Y'), FALSE, 25);
INSERT INTO `ga3w20`.`books` (`isbn`, `title`, `author_id`, `publisher_id`, `data_publication`, `number_of_pages`, `description`, `image_url`, `wholesale_price`, `list_price`, `sale_price`, `date_entered`, `removal_status`, `discount`) VALUES (9780547928197, 'The Return of the King', 73, 19, STR_TO_DATE('20-10-1955','%d-%m-%Y'), 404, 'The Companions of the Ring have become involved in separate adventures as the quest continues. Aragorn, revealed as the hidden heir of the ancient Kings of the West, joined with the Riders of Rohan against the forces of Isengard, and took part in the desperate victory of the Hornburg. Merry and Pippin, captured by Orcs, escaped into Fangorn Forest and there encountered the Ents. Gandalf returned, miraculously, and defeated the evil wizard, Saruman. Meanwhile, Sam and Frodo progressed towards Mordor to destroy the Ring, accompanied by SmEagol--Gollum, still obsessed by his ''precious''. After a battle with the giant spider, Shelob, Sam left his master for dead; but Frodo is still alive--in the hands of the Orcs. And all the time the armies of the Dark Lord are massing. J.R.R. Tolkien''s great work of imaginative fiction has been labeled both a heroic romance and a classic fantasy fiction. By turns comic and homely, epic and diabolic, the narrative moves through countless changes of scene and character in an imaginary world which is totally convincing in its detail.', '9780547928197.jpg', 10.88, 11.99, 11.99, STR_TO_DATE('15-04-2019','%d-%m-%Y'), FALSE, 0);
INSERT INTO `ga3w20`.`books` (`isbn`, `title`, `author_id`, `publisher_id`, `data_publication`, `number_of_pages`, `description`, `image_url`, `wholesale_price`, `list_price`, `sale_price`, `date_entered`, `removal_status`, `discount`) VALUES (9780553103540, 'A Game of Thrones', 80, 7, STR_TO_DATE('08-06-1996','%d-%m-%Y'), 819, 'Long ago, in a time forgotten, a preternatural event threw the seasons out of balance. In a land where summers can last decades and winters a lifetime, trouble is brewing. The cold is returning, and in the frozen wastes to the north of Winterfell, sinister forces are massing beyond the kingdom’s protective Wall. To the south, the king’s powers are failing—his most trusted adviser dead under mysterious circumstances and his enemies emerging from the shadows of the throne. At the center of the conflict lie the Starks of Winterfell, a family as harsh and unyielding as the frozen land they were born to. Now Lord Eddard Stark is reluctantly summoned to serve as the king’s new Hand, an appointment that threatens to sunder not only his family but the kingdom itself. Sweeping from a harsh land of cold to a summertime kingdom of epicurean plenty, A Game of Thrones tells a tale of lords and ladies, soldiers and sorcerers, assassins and bastards, who come together in a time of grim omens. Here an enigmatic band of warriors bear swords of no human metal; a tribe of fierce wildlings carry men off into madness; a cruel young dragon prince barters his sister to win back his throne; a child is lost in the twilight between life and death; and a determined woman undertakes a treacherous journey to protect all she holds dear. Amid plots and counter-plots, tragedy and betrayal, victory and terror, allies and enemies, the fate of the Starks hangs perilously in the balance, as each side endeavors to win that deadliest of conflicts: the game of thrones. Unparalleled in scope and execution, A Game of Thrones is one of those rare reading experiences that catch you up from the opening pages, won’t let you go until the end, and leave you yearning for more.', '9780553103540.jpg', 30.36, 49.99, 49.99, STR_TO_DATE('16-04-2019','%d-%m-%Y'), FALSE, 0);
INSERT INTO `ga3w20`.`books` (`isbn`, `title`, `author_id`, `publisher_id`, `data_publication`, `number_of_pages`, `description`, `image_url`, `wholesale_price`, `list_price`, `sale_price`, `date_entered`, `removal_status`, `discount`) VALUES (9780439023511, 'Mockingjay', 39, 55, STR_TO_DATE('24-08-2010','%d-%m-%Y'), 390, 'Katniss Everdeen, girl on fire, has survived, even though her home has been destroyed. Gale has escaped. Katniss''s family is safe. Peeta has been captured by the Capitol. District 13 really does exist. There are rebels. There are new leaders. A revolution is unfolding. It is by design that Katniss was rescued from the arena in the cruel and haunting Quarter Quell, and it is by design that she has long been part of the revolution without knowing it. District 13 has come out of the shadows and is plotting to overthrow the Capitol. Everyone, it seems, has had a hand in the carefully laid plans--except Katniss. The success of the rebellion hinges on Katniss''s willingness to be a pawn, to accept responsibility for countless lives, and to change the course of the future of Panem. To do this, she must put aside her feelings of anger and distrust. She must become the rebels'' Mockingjay--no matter what the personal cost.', '9780439023511.jpg', 8.79, 18.99, 13.29, STR_TO_DATE('17-04-2019','%d-%m-%Y'), FALSE, 30);
INSERT INTO `ga3w20`.`books` (`isbn`, `title`, `author_id`, `publisher_id`, `data_publication`, `number_of_pages`, `description`, `image_url`, `wholesale_price`, `list_price`, `sale_price`, `date_entered`, `removal_status`, `discount`) VALUES (9781505234725, 'The Three Musketeers', 78, 43, STR_TO_DATE('17-01-1905','%d-%m-%Y'), 625, 'This swashbuckling epic of chivalry, honor, and derring-do, set in France during the 1620s, is richly populated with romantic heroes, unattainable heroines, kings, queens, cavaliers, and criminals in a whirl of adventure, espionage, conspiracy, murder, vengeance, love, scandal, and suspense. Dumas transforms minor historical figures into larger- than-life characters: the Comte d’Artagnan, an impetuous young man in pursuit of glory; the beguilingly evil seductress “Milady”; the powerful and devious Cardinal Richelieu; the weak King Louis XIII and his unhappy queen—and, of course, the three musketeers themselves, Athos, Porthos, and Aramis, whose motto “all for one, one for all” has come to epitomize devoted friendship. With a plot that delivers stolen diamonds, masked balls, purloined letters, and, of course, great bouts of swordplay, The Three Musketeers is eternally entertaining.', '9781505234725.jpg', 3.99, 5.99, 5.09, STR_TO_DATE('18-04-2019','%d-%m-%Y'), FALSE, 15);
INSERT INTO `ga3w20`.`books` (`isbn`, `title`, `author_id`, `publisher_id`, `data_publication`, `number_of_pages`, `description`, `image_url`, `wholesale_price`, `list_price`, `sale_price`, `date_entered`, `removal_status`, `discount`) VALUES (9780618640157, 'The Lord of the Rings', 73, 33, STR_TO_DATE('20-10-1955','%d-%m-%Y'), 1216, 'In ancient times the Rings of Power were crafted by the Elven-smiths, and Sauron, the Dark Lord, forged the One Ring, filling it with his own power so that he could rule all others. But the One Ring was taken from him, and though he sought it throughout Middle-earth, it remained lost to him. After many ages it fell by chance into the hands of the hobbit Bilbo Baggins. From Sauron''s fastness in the Dark Tower of Mordor, his power spread far and wide. Sauron gathered all the Great Rings to him, but always he searched for the One Ring that would complete his dominion. When Bilbo reached his eleventy-first birthday he disappeared, bequeathing to his young cousin Frodo the Ruling Ring and a perilous quest: to journey across Middle-earth, deep into the shadow of the Dark Lord, and destroy the Ring by casting it into the Cracks of Doom.', '9780618640157.jpg', 10.99, 24.99, 12.50, STR_TO_DATE('19-04-2019','%d-%m-%Y'), FALSE, 50);
INSERT INTO `ga3w20`.`books` (`isbn`, `title`, `author_id`, `publisher_id`, `data_publication`, `number_of_pages`, `description`, `image_url`, `wholesale_price`, `list_price`, `sale_price`, `date_entered`, `removal_status`, `discount`) VALUES (9780425134351, 'Patriot Games', 77, 9, STR_TO_DATE('04-08-1987','%d-%m-%Y'), 503, 'It is fall. Years before the defection of a Soviet submarine will send him hurtling into confrontation with the Soviets, historian, ex-Marine and CIA analyst Jack Ryan is vacationing in London with his wife and young daughter, when a terrorist attack takes place before his eyes. Instinctively, he dives forward to break it up, and is shot. It is not until he wakes up in the hospital that he learns whose lives he has saved the Prince and Princess of Wales and their new young son and which enemies he has made the Ulster Liberation Army, an ultra-left-wing splinter of the IRA. By his impulsive act, he has gained both the gratitude of a nation and then enmity of hits most dangerous men--men who do not sit on their hate. And in the weeks and months to come, it is Jack Ryan, and his family, who will become the targets of that hate.', '9780425134351.jpg', 7.99, 10.99, 9.89, STR_TO_DATE('20-04-2019','%d-%m-%Y'), FALSE, 10);
INSERT INTO `ga3w20`.`books` (`isbn`, `title`, `author_id`, `publisher_id`, `data_publication`, `number_of_pages`, `description`, `image_url`, `wholesale_price`, `list_price`, `sale_price`, `date_entered`, `removal_status`, `discount`) VALUES (9780752224411, 'The Lost World', 72, 2, STR_TO_DATE('17-06-1905','%d-%m-%Y'), 448, 'It is now six years since the secret disaster at Jurassic Park, six years since the extraordinary dream of science and imagination came to a crashing end – the dinosaurs destroyed, the park dismantled, the island indefinitely closed to the public. There are rumors that something has survived....', '9780752224411.jpg', 1.99, 5.00, 5.00, STR_TO_DATE('21-04-2019','%d-%m-%Y'), FALSE, 0);
INSERT INTO `ga3w20`.`books` (`isbn`, `title`, `author_id`, `publisher_id`, `data_publication`, `number_of_pages`, `description`, `image_url`, `wholesale_price`, `list_price`, `sale_price`, `date_entered`, `removal_status`, `discount`) VALUES (9780671027384, 'Deception Point', 74, 50, STR_TO_DATE('12-02-2002','%d-%m-%Y'), 556, 'A shocking scientific discovery. A conspiracy of staggering brilliance. A thriller unlike any you''ve ever read.... When a NASA satellite discovers an astonishingly rare object buried deep in the Arctic ice, the floundering space agency proclaims a much-needed victory - a victory with profound implications for NASA policy and the impending presidential election. To verify the authenticity of the find, the White House calls upon the skills of intelligence analyst Rachel Sexton. Accompanied by a team of experts, including the charismatic scholar Michael Tolland, Rachel travels to the Arctic and uncovers the unthinkable: evidence of scientific trickery - a bold deception that threatens to plunge the world into controversy. But before she can warn the President, Rachel and Michael are ambushed by a deadly team of assassins. Fleeing for their lives across a desolate and lethal landscape, their only hope for survival is to discover who is behind this masterful plot. The truth, they will learn, is the most shocking deception of all.', '9780671027384.jpg', 2.99, 7.99, 3.99, STR_TO_DATE('22-04-2019','%d-%m-%Y'), FALSE, 50);
INSERT INTO `ga3w20`.`books` (`isbn`, `title`, `author_id`, `publisher_id`, `data_publication`, `number_of_pages`, `description`, `image_url`, `wholesale_price`, `list_price`, `sale_price`, `date_entered`, `removal_status`, `discount`) VALUES (9780753453803, 'Treasure Island', 12,35, STR_TO_DATE('28-01-1882','%d-%m-%Y'), 311, 'For sheer storytelling delight and pure adventure, Treasure Island has never been surpassed. From the moment young Jim Hawkins first encounters the sinister Blind Pew at the Admiral Benbow Inn until the climactic battle for treasure on a tropic isle, the novel creates scenes and characters that have fired the imaginations of generations of readers. Written by a superb prose stylist, a master of both action and atmosphere, the story centers upon the conflict between good and evil - but in this case a particularly engaging form of evil. It is the villainy of that most ambiguous rogue Long John Silver that sets the tempo of this tale of treachery, greed, and daring. Designed to forever kindle a dream of high romance and distant horizons, Treasure Island is, in the words of G. K. Chesterton, ''the realization of an ideal, that which is promised in its provocative and beckoning map; a vision not only of white skeletons but also green palm trees and sapphire seas.'' G. S. Fraser terms it ''an utterly original book'' and goes on to write: ''There will always be a place for stories like Treasure Island that can keep boys and old men happy.''', '9780753453803.jpg', 6.99, 13.99, 11.19, STR_TO_DATE('23-04-2019','%d-%m-%Y'), FALSE, 20);


COMMIT;

-- -----------------------------------------------------
-- Data for table `ga3w20`.`books_format`
-- -----------------------------------------------------
START TRANSACTION;
USE `ga3w20`;
INSERT INTO `ga3w20`.`books_format` (`books_isbn`, `format_id`) VALUES ('9780061139376', 1);
INSERT INTO `ga3w20`.`books_format` (`books_isbn`, `format_id`) VALUES ('9780062310644', 1);
INSERT INTO `ga3w20`.`books_format` (`books_isbn`, `format_id`) VALUES ('9780062748775', 1);
INSERT INTO `ga3w20`.`books_format` (`books_isbn`, `format_id`) VALUES ('9780062843494', 1);
INSERT INTO `ga3w20`.`books_format` (`books_isbn`, `format_id`) VALUES ('9780062952554', 1);
INSERT INTO `ga3w20`.`books_format` (`books_isbn`, `format_id`) VALUES ('9780099288473', 1);
INSERT INTO `ga3w20`.`books_format` (`books_isbn`, `format_id`) VALUES ('9780099458234', 1);
INSERT INTO `ga3w20`.`books_format` (`books_isbn`, `format_id`) VALUES ('9780140449266', 1);
INSERT INTO `ga3w20`.`books_format` (`books_isbn`, `format_id`) VALUES ('9780141036144', 1);
INSERT INTO `ga3w20`.`books_format` (`books_isbn`, `format_id`) VALUES ('9780141325491', 1);
INSERT INTO `ga3w20`.`books_format` (`books_isbn`, `format_id`) VALUES ('9780143039983', 1);
INSERT INTO `ga3w20`.`books_format` (`books_isbn`, `format_id`) VALUES ('9780198753698', 1);
INSERT INTO `ga3w20`.`books_format` (`books_isbn`, `format_id`) VALUES ('9780307277671', 1);
INSERT INTO `ga3w20`.`books_format` (`books_isbn`, `format_id`) VALUES ('9780307346612', 1);
INSERT INTO `ga3w20`.`books_format` (`books_isbn`, `format_id`) VALUES ('9780307356543', 1);
INSERT INTO `ga3w20`.`books_format` (`books_isbn`, `format_id`) VALUES ('9780307887436', 1);
INSERT INTO `ga3w20`.`books_format` (`books_isbn`, `format_id`) VALUES ('9780307949486', 1);
INSERT INTO `ga3w20`.`books_format` (`books_isbn`, `format_id`) VALUES ('9780312355296', 1);
INSERT INTO `ga3w20`.`books_format` (`books_isbn`, `format_id`) VALUES ('9780312868857', 1);
INSERT INTO `ga3w20`.`books_format` (`books_isbn`, `format_id`) VALUES ('9780312924584', 1);
INSERT INTO `ga3w20`.`books_format` (`books_isbn`, `format_id`) VALUES ('9780316038638', 1);
INSERT INTO `ga3w20`.`books_format` (`books_isbn`, `format_id`) VALUES ('9780316134026', 1);
INSERT INTO `ga3w20`.`books_format` (`books_isbn`, `format_id`) VALUES ('9780316229296', 1);
INSERT INTO `ga3w20`.`books_format` (`books_isbn`, `format_id`) VALUES ('9780345409645', 1);
INSERT INTO `ga3w20`.`books_format` (`books_isbn`, `format_id`) VALUES ('9780345538987', 1);
INSERT INTO `ga3w20`.`books_format` (`books_isbn`, `format_id`) VALUES ('9780356500539', 1);
INSERT INTO `ga3w20`.`books_format` (`books_isbn`, `format_id`) VALUES ('9780399171611', 1);
INSERT INTO `ga3w20`.`books_format` (`books_isbn`, `format_id`) VALUES ('9780425134351', 1);
INSERT INTO `ga3w20`.`books_format` (`books_isbn`, `format_id`) VALUES ('9780425172902', 1);
INSERT INTO `ga3w20`.`books_format` (`books_isbn`, `format_id`) VALUES ('9780439023481', 1);
INSERT INTO `ga3w20`.`books_format` (`books_isbn`, `format_id`) VALUES ('9780439023498', 1);
INSERT INTO `ga3w20`.`books_format` (`books_isbn`, `format_id`) VALUES ('9780439023511', 1);
INSERT INTO `ga3w20`.`books_format` (`books_isbn`, `format_id`) VALUES ('9780441172719', 1);
INSERT INTO `ga3w20`.`books_format` (`books_isbn`, `format_id`) VALUES ('9780441478125', 1);
INSERT INTO `ga3w20`.`books_format` (`books_isbn`, `format_id`) VALUES ('9780441783588', 1);
INSERT INTO `ga3w20`.`books_format` (`books_isbn`, `format_id`) VALUES ('9780451119674', 1);
INSERT INTO `ga3w20`.`books_format` (`books_isbn`, `format_id`) VALUES ('9780451457998', 1);
INSERT INTO `ga3w20`.`books_format` (`books_isbn`, `format_id`) VALUES ('9780451465641', 1);
INSERT INTO `ga3w20`.`books_format` (`books_isbn`, `format_id`) VALUES ('9780544340688', 1);
INSERT INTO `ga3w20`.`books_format` (`books_isbn`, `format_id`) VALUES ('9780547258300', 1);
INSERT INTO `ga3w20`.`books_format` (`books_isbn`, `format_id`) VALUES ('9780547572482', 1);
INSERT INTO `ga3w20`.`books_format` (`books_isbn`, `format_id`) VALUES ('9780547928197', 1);
INSERT INTO `ga3w20`.`books_format` (`books_isbn`, `format_id`) VALUES ('9780553025170', 1);
INSERT INTO `ga3w20`.`books_format` (`books_isbn`, `format_id`) VALUES ('9780553103540', 1);
INSERT INTO `ga3w20`.`books_format` (`books_isbn`, `format_id`) VALUES ('9780553212471', 1);
INSERT INTO `ga3w20`.`books_format` (`books_isbn`, `format_id`) VALUES ('9780553381689', 1);
INSERT INTO `ga3w20`.`books_format` (`books_isbn`, `format_id`) VALUES ('9780553448146', 1);
INSERT INTO `ga3w20`.`books_format` (`books_isbn`, `format_id`) VALUES ('9780553573398', 1);
INSERT INTO `ga3w20`.`books_format` (`books_isbn`, `format_id`) VALUES ('9780571084838', 1);
INSERT INTO `ga3w20`.`books_format` (`books_isbn`, `format_id`) VALUES ('9780575079755', 1);
INSERT INTO `ga3w20`.`books_format` (`books_isbn`, `format_id`) VALUES ('9780618260300', 1);
INSERT INTO `ga3w20`.`books_format` (`books_isbn`, `format_id`) VALUES ('9780618346257', 1);
INSERT INTO `ga3w20`.`books_format` (`books_isbn`, `format_id`) VALUES ('9780618640157', 1);
INSERT INTO `ga3w20`.`books_format` (`books_isbn`, `format_id`) VALUES ('9780671027384', 1);
INSERT INTO `ga3w20`.`books_format` (`books_isbn`, `format_id`) VALUES ('9780676977691', 1);
INSERT INTO `ga3w20`.`books_format` (`books_isbn`, `format_id`) VALUES ('9780739485811', 1);
INSERT INTO `ga3w20`.`books_format` (`books_isbn`, `format_id`) VALUES ('9780752224411', 1);
INSERT INTO `ga3w20`.`books_format` (`books_isbn`, `format_id`) VALUES ('9780752864327', 1);
INSERT INTO `ga3w20`.`books_format` (`books_isbn`, `format_id`) VALUES ('9780753453803', 1);
INSERT INTO `ga3w20`.`books_format` (`books_isbn`, `format_id`) VALUES ('9780756404741', 1);
INSERT INTO `ga3w20`.`books_format` (`books_isbn`, `format_id`) VALUES ('9780761463276', 1);
INSERT INTO `ga3w20`.`books_format` (`books_isbn`, `format_id`) VALUES ('9780765342980', 1);
INSERT INTO `ga3w20`.`books_format` (`books_isbn`, `format_id`) VALUES ('9780765357151', 1);
INSERT INTO `ga3w20`.`books_format` (`books_isbn`, `format_id`) VALUES ('9780765365279', 1);
INSERT INTO `ga3w20`.`books_format` (`books_isbn`, `format_id`) VALUES ('9780771008795', 1);
INSERT INTO `ga3w20`.`books_format` (`books_isbn`, `format_id`) VALUES ('9780771009419', 1);
INSERT INTO `ga3w20`.`books_format` (`books_isbn`, `format_id`) VALUES ('9780771009433', 1);
INSERT INTO `ga3w20`.`books_format` (`books_isbn`, `format_id`) VALUES ('9780804137270', 1);
INSERT INTO `ga3w20`.`books_format` (`books_isbn`, `format_id`) VALUES ('9780804139021', 1);
INSERT INTO `ga3w20`.`books_format` (`books_isbn`, `format_id`) VALUES ('9780812550702', 1);
INSERT INTO `ga3w20`.`books_format` (`books_isbn`, `format_id`) VALUES ('9780812974621', 1);
INSERT INTO `ga3w20`.`books_format` (`books_isbn`, `format_id`) VALUES ('9781250211101', 1);
INSERT INTO `ga3w20`.`books_format` (`books_isbn`, `format_id`) VALUES ('9781250295446', 1);
INSERT INTO `ga3w20`.`books_format` (`books_isbn`, `format_id`) VALUES ('9781400078776', 1);
INSERT INTO `ga3w20`.`books_format` (`books_isbn`, `format_id`) VALUES ('9781408855652', 1);
INSERT INTO `ga3w20`.`books_format` (`books_isbn`, `format_id`) VALUES ('9781416975861', 1);
INSERT INTO `ga3w20`.`books_format` (`books_isbn`, `format_id`) VALUES ('9781443423656', 1);
INSERT INTO `ga3w20`.`books_format` (`books_isbn`, `format_id`) VALUES ('9781451673319', 1);
INSERT INTO `ga3w20`.`books_format` (`books_isbn`, `format_id`) VALUES ('9781478006688', 1);
INSERT INTO `ga3w20`.`books_format` (`books_isbn`, `format_id`) VALUES ('9781481465588', 1);
INSERT INTO `ga3w20`.`books_format` (`books_isbn`, `format_id`) VALUES ('9781493627462', 1);
INSERT INTO `ga3w20`.`books_format` (`books_isbn`, `format_id`) VALUES ('9781497643079', 1);
INSERT INTO `ga3w20`.`books_format` (`books_isbn`, `format_id`) VALUES ('9781501156748', 1);
INSERT INTO `ga3w20`.`books_format` (`books_isbn`, `format_id`) VALUES ('9781505234725', 1);
INSERT INTO `ga3w20`.`books_format` (`books_isbn`, `format_id`) VALUES ('9781506707747', 1);
INSERT INTO `ga3w20`.`books_format` (`books_isbn`, `format_id`) VALUES ('9781524759780', 1);
INSERT INTO `ga3w20`.`books_format` (`books_isbn`, `format_id`) VALUES ('9781529034523', 1);
INSERT INTO `ga3w20`.`books_format` (`books_isbn`, `format_id`) VALUES ('9781595148049', 1);
INSERT INTO `ga3w20`.`books_format` (`books_isbn`, `format_id`) VALUES ('9781608867844', 1);
INSERT INTO `ga3w20`.`books_format` (`books_isbn`, `format_id`) VALUES ('9781619630345', 1);
INSERT INTO `ga3w20`.`books_format` (`books_isbn`, `format_id`) VALUES ('9781619760530', 1);
INSERT INTO `ga3w20`.`books_format` (`books_isbn`, `format_id`) VALUES ('9781727505702', 1);
INSERT INTO `ga3w20`.`books_format` (`books_isbn`, `format_id`) VALUES ('9781789263589', 1);
INSERT INTO `ga3w20`.`books_format` (`books_isbn`, `format_id`) VALUES ('9781935429005', 1);
INSERT INTO `ga3w20`.`books_format` (`books_isbn`, `format_id`) VALUES ('9781935429012', 1);
INSERT INTO `ga3w20`.`books_format` (`books_isbn`, `format_id`) VALUES ('9780441569595', 1);
INSERT INTO `ga3w20`.`books_format` (`books_isbn`, `format_id`) VALUES ('9785557085373', 1);
INSERT INTO `ga3w20`.`books_format` (`books_isbn`, `format_id`) VALUES ('9786065792296', 1);
INSERT INTO `ga3w20`.`books_format` (`books_isbn`, `format_id`) VALUES ('9789851807822', 1);

INSERT INTO `ga3w20`.`books_format` (`books_isbn`, `format_id`) VALUES ('9780061139376', 2);
INSERT INTO `ga3w20`.`books_format` (`books_isbn`, `format_id`) VALUES ('9780062310644', 2);
INSERT INTO `ga3w20`.`books_format` (`books_isbn`, `format_id`) VALUES ('9780062748775', 2);
INSERT INTO `ga3w20`.`books_format` (`books_isbn`, `format_id`) VALUES ('9780062843494', 2);
INSERT INTO `ga3w20`.`books_format` (`books_isbn`, `format_id`) VALUES ('9780062952554', 2);
INSERT INTO `ga3w20`.`books_format` (`books_isbn`, `format_id`) VALUES ('9780099288473', 2);
INSERT INTO `ga3w20`.`books_format` (`books_isbn`, `format_id`) VALUES ('9780099458234', 2);
INSERT INTO `ga3w20`.`books_format` (`books_isbn`, `format_id`) VALUES ('9780140449266', 2);
INSERT INTO `ga3w20`.`books_format` (`books_isbn`, `format_id`) VALUES ('9780141036144', 2);
INSERT INTO `ga3w20`.`books_format` (`books_isbn`, `format_id`) VALUES ('9780141325491', 2);
INSERT INTO `ga3w20`.`books_format` (`books_isbn`, `format_id`) VALUES ('9780143039983', 2);
INSERT INTO `ga3w20`.`books_format` (`books_isbn`, `format_id`) VALUES ('9780198753698', 2);
INSERT INTO `ga3w20`.`books_format` (`books_isbn`, `format_id`) VALUES ('9780307277671', 2);
INSERT INTO `ga3w20`.`books_format` (`books_isbn`, `format_id`) VALUES ('9780307346612', 2);
INSERT INTO `ga3w20`.`books_format` (`books_isbn`, `format_id`) VALUES ('9780307356543', 2);
INSERT INTO `ga3w20`.`books_format` (`books_isbn`, `format_id`) VALUES ('9780307887436', 2);
INSERT INTO `ga3w20`.`books_format` (`books_isbn`, `format_id`) VALUES ('9780307949486', 2);
INSERT INTO `ga3w20`.`books_format` (`books_isbn`, `format_id`) VALUES ('9780312355296', 2);
INSERT INTO `ga3w20`.`books_format` (`books_isbn`, `format_id`) VALUES ('9780312868857', 2);
INSERT INTO `ga3w20`.`books_format` (`books_isbn`, `format_id`) VALUES ('9780312924584', 2);
INSERT INTO `ga3w20`.`books_format` (`books_isbn`, `format_id`) VALUES ('9780316038638', 2);
INSERT INTO `ga3w20`.`books_format` (`books_isbn`, `format_id`) VALUES ('9780316134026', 2);
INSERT INTO `ga3w20`.`books_format` (`books_isbn`, `format_id`) VALUES ('9780316229296', 2);
INSERT INTO `ga3w20`.`books_format` (`books_isbn`, `format_id`) VALUES ('9780345409645', 2);
INSERT INTO `ga3w20`.`books_format` (`books_isbn`, `format_id`) VALUES ('9780345538987', 2);
INSERT INTO `ga3w20`.`books_format` (`books_isbn`, `format_id`) VALUES ('9780356500539', 2);
INSERT INTO `ga3w20`.`books_format` (`books_isbn`, `format_id`) VALUES ('9780399171611', 2);
INSERT INTO `ga3w20`.`books_format` (`books_isbn`, `format_id`) VALUES ('9780425134351', 2);
INSERT INTO `ga3w20`.`books_format` (`books_isbn`, `format_id`) VALUES ('9780425172902', 2);
INSERT INTO `ga3w20`.`books_format` (`books_isbn`, `format_id`) VALUES ('9780439023481', 2);
INSERT INTO `ga3w20`.`books_format` (`books_isbn`, `format_id`) VALUES ('9780439023498', 2);
INSERT INTO `ga3w20`.`books_format` (`books_isbn`, `format_id`) VALUES ('9780439023511', 2);
INSERT INTO `ga3w20`.`books_format` (`books_isbn`, `format_id`) VALUES ('9780441172719', 2);
INSERT INTO `ga3w20`.`books_format` (`books_isbn`, `format_id`) VALUES ('9780441478125', 2);
INSERT INTO `ga3w20`.`books_format` (`books_isbn`, `format_id`) VALUES ('9780441783588', 2);
INSERT INTO `ga3w20`.`books_format` (`books_isbn`, `format_id`) VALUES ('9780451119674', 2);
INSERT INTO `ga3w20`.`books_format` (`books_isbn`, `format_id`) VALUES ('9780451457998', 2);
INSERT INTO `ga3w20`.`books_format` (`books_isbn`, `format_id`) VALUES ('9780451465641', 2);
INSERT INTO `ga3w20`.`books_format` (`books_isbn`, `format_id`) VALUES ('9780544340688', 2);
INSERT INTO `ga3w20`.`books_format` (`books_isbn`, `format_id`) VALUES ('9780547258300', 2);
INSERT INTO `ga3w20`.`books_format` (`books_isbn`, `format_id`) VALUES ('9780547572482', 2);
INSERT INTO `ga3w20`.`books_format` (`books_isbn`, `format_id`) VALUES ('9780547928197', 2);
INSERT INTO `ga3w20`.`books_format` (`books_isbn`, `format_id`) VALUES ('9780553025170', 2);
INSERT INTO `ga3w20`.`books_format` (`books_isbn`, `format_id`) VALUES ('9780553103540', 2);
INSERT INTO `ga3w20`.`books_format` (`books_isbn`, `format_id`) VALUES ('9780553212471', 2);
INSERT INTO `ga3w20`.`books_format` (`books_isbn`, `format_id`) VALUES ('9780553381689', 2);
INSERT INTO `ga3w20`.`books_format` (`books_isbn`, `format_id`) VALUES ('9780553448146', 2);
INSERT INTO `ga3w20`.`books_format` (`books_isbn`, `format_id`) VALUES ('9780553573398', 2);
INSERT INTO `ga3w20`.`books_format` (`books_isbn`, `format_id`) VALUES ('9780571084838', 2);
INSERT INTO `ga3w20`.`books_format` (`books_isbn`, `format_id`) VALUES ('9780575079755', 2);
INSERT INTO `ga3w20`.`books_format` (`books_isbn`, `format_id`) VALUES ('9780618260300', 2);
INSERT INTO `ga3w20`.`books_format` (`books_isbn`, `format_id`) VALUES ('9780618346257', 2);
INSERT INTO `ga3w20`.`books_format` (`books_isbn`, `format_id`) VALUES ('9780618640157', 2);
INSERT INTO `ga3w20`.`books_format` (`books_isbn`, `format_id`) VALUES ('9780671027384', 2);
INSERT INTO `ga3w20`.`books_format` (`books_isbn`, `format_id`) VALUES ('9780676977691', 2);
INSERT INTO `ga3w20`.`books_format` (`books_isbn`, `format_id`) VALUES ('9780739485811', 2);
INSERT INTO `ga3w20`.`books_format` (`books_isbn`, `format_id`) VALUES ('9780752224411', 2);
INSERT INTO `ga3w20`.`books_format` (`books_isbn`, `format_id`) VALUES ('9780752864327', 2);
INSERT INTO `ga3w20`.`books_format` (`books_isbn`, `format_id`) VALUES ('9780753453803', 2);
INSERT INTO `ga3w20`.`books_format` (`books_isbn`, `format_id`) VALUES ('9780756404741', 2);
INSERT INTO `ga3w20`.`books_format` (`books_isbn`, `format_id`) VALUES ('9780761463276', 2);
INSERT INTO `ga3w20`.`books_format` (`books_isbn`, `format_id`) VALUES ('9780765342980', 2);
INSERT INTO `ga3w20`.`books_format` (`books_isbn`, `format_id`) VALUES ('9780765357151', 2);
INSERT INTO `ga3w20`.`books_format` (`books_isbn`, `format_id`) VALUES ('9780765365279', 2);
INSERT INTO `ga3w20`.`books_format` (`books_isbn`, `format_id`) VALUES ('9780771008795', 2);
INSERT INTO `ga3w20`.`books_format` (`books_isbn`, `format_id`) VALUES ('9780771009419', 2);
INSERT INTO `ga3w20`.`books_format` (`books_isbn`, `format_id`) VALUES ('9780771009433', 2);
INSERT INTO `ga3w20`.`books_format` (`books_isbn`, `format_id`) VALUES ('9780804137270', 2);
INSERT INTO `ga3w20`.`books_format` (`books_isbn`, `format_id`) VALUES ('9780804139021', 2);
INSERT INTO `ga3w20`.`books_format` (`books_isbn`, `format_id`) VALUES ('9780812550702', 2);
INSERT INTO `ga3w20`.`books_format` (`books_isbn`, `format_id`) VALUES ('9780812974621', 2);
INSERT INTO `ga3w20`.`books_format` (`books_isbn`, `format_id`) VALUES ('9781250211101', 2);
INSERT INTO `ga3w20`.`books_format` (`books_isbn`, `format_id`) VALUES ('9781250295446', 2);
INSERT INTO `ga3w20`.`books_format` (`books_isbn`, `format_id`) VALUES ('9781400078776', 2);
INSERT INTO `ga3w20`.`books_format` (`books_isbn`, `format_id`) VALUES ('9781408855652', 2);
INSERT INTO `ga3w20`.`books_format` (`books_isbn`, `format_id`) VALUES ('9781416975861', 2);
INSERT INTO `ga3w20`.`books_format` (`books_isbn`, `format_id`) VALUES ('9781443423656', 2);
INSERT INTO `ga3w20`.`books_format` (`books_isbn`, `format_id`) VALUES ('9781451673319', 2);
INSERT INTO `ga3w20`.`books_format` (`books_isbn`, `format_id`) VALUES ('9781478006688', 2);
INSERT INTO `ga3w20`.`books_format` (`books_isbn`, `format_id`) VALUES ('9781481465588', 2);
INSERT INTO `ga3w20`.`books_format` (`books_isbn`, `format_id`) VALUES ('9781493627462', 2);
INSERT INTO `ga3w20`.`books_format` (`books_isbn`, `format_id`) VALUES ('9781497643079', 2);
INSERT INTO `ga3w20`.`books_format` (`books_isbn`, `format_id`) VALUES ('9781501156748', 2);
INSERT INTO `ga3w20`.`books_format` (`books_isbn`, `format_id`) VALUES ('9781505234725', 2);
INSERT INTO `ga3w20`.`books_format` (`books_isbn`, `format_id`) VALUES ('9781506707747', 2);
INSERT INTO `ga3w20`.`books_format` (`books_isbn`, `format_id`) VALUES ('9781524759780', 2);
INSERT INTO `ga3w20`.`books_format` (`books_isbn`, `format_id`) VALUES ('9781529034523', 2);
INSERT INTO `ga3w20`.`books_format` (`books_isbn`, `format_id`) VALUES ('9781595148049', 2);
INSERT INTO `ga3w20`.`books_format` (`books_isbn`, `format_id`) VALUES ('9781608867844', 2);
INSERT INTO `ga3w20`.`books_format` (`books_isbn`, `format_id`) VALUES ('9781619630345', 2);
INSERT INTO `ga3w20`.`books_format` (`books_isbn`, `format_id`) VALUES ('9781619760530', 2);
INSERT INTO `ga3w20`.`books_format` (`books_isbn`, `format_id`) VALUES ('9781727505702', 2);
INSERT INTO `ga3w20`.`books_format` (`books_isbn`, `format_id`) VALUES ('9781789263589', 2);
INSERT INTO `ga3w20`.`books_format` (`books_isbn`, `format_id`) VALUES ('9781935429005', 2);
INSERT INTO `ga3w20`.`books_format` (`books_isbn`, `format_id`) VALUES ('9781935429012', 2);
INSERT INTO `ga3w20`.`books_format` (`books_isbn`, `format_id`) VALUES ('9780441569595', 2);
INSERT INTO `ga3w20`.`books_format` (`books_isbn`, `format_id`) VALUES ('9785557085373', 2);
INSERT INTO `ga3w20`.`books_format` (`books_isbn`, `format_id`) VALUES ('9786065792296', 2);
INSERT INTO `ga3w20`.`books_format` (`books_isbn`, `format_id`) VALUES ('9789851807822', 2);

INSERT INTO `ga3w20`.`books_format` (`books_isbn`, `format_id`) VALUES ('9780061139376', 3);
INSERT INTO `ga3w20`.`books_format` (`books_isbn`, `format_id`) VALUES ('9780062310644', 3);
INSERT INTO `ga3w20`.`books_format` (`books_isbn`, `format_id`) VALUES ('9780062748775', 3);
INSERT INTO `ga3w20`.`books_format` (`books_isbn`, `format_id`) VALUES ('9780062843494', 3);
INSERT INTO `ga3w20`.`books_format` (`books_isbn`, `format_id`) VALUES ('9780062952554', 3);
INSERT INTO `ga3w20`.`books_format` (`books_isbn`, `format_id`) VALUES ('9780099288473', 3);
INSERT INTO `ga3w20`.`books_format` (`books_isbn`, `format_id`) VALUES ('9780099458234', 3);
INSERT INTO `ga3w20`.`books_format` (`books_isbn`, `format_id`) VALUES ('9780140449266', 3);
INSERT INTO `ga3w20`.`books_format` (`books_isbn`, `format_id`) VALUES ('9780141036144', 3);
INSERT INTO `ga3w20`.`books_format` (`books_isbn`, `format_id`) VALUES ('9780141325491', 3);
INSERT INTO `ga3w20`.`books_format` (`books_isbn`, `format_id`) VALUES ('9780143039983', 3);
INSERT INTO `ga3w20`.`books_format` (`books_isbn`, `format_id`) VALUES ('9780198753698', 3);
INSERT INTO `ga3w20`.`books_format` (`books_isbn`, `format_id`) VALUES ('9780307277671', 3);
INSERT INTO `ga3w20`.`books_format` (`books_isbn`, `format_id`) VALUES ('9780307346612', 3);
INSERT INTO `ga3w20`.`books_format` (`books_isbn`, `format_id`) VALUES ('9780307356543', 3);
INSERT INTO `ga3w20`.`books_format` (`books_isbn`, `format_id`) VALUES ('9780307887436', 3);
INSERT INTO `ga3w20`.`books_format` (`books_isbn`, `format_id`) VALUES ('9780307949486', 3);
INSERT INTO `ga3w20`.`books_format` (`books_isbn`, `format_id`) VALUES ('9780312355296', 3);
INSERT INTO `ga3w20`.`books_format` (`books_isbn`, `format_id`) VALUES ('9780312868857', 3);
INSERT INTO `ga3w20`.`books_format` (`books_isbn`, `format_id`) VALUES ('9780312924584', 3);
INSERT INTO `ga3w20`.`books_format` (`books_isbn`, `format_id`) VALUES ('9780316038638', 3);
INSERT INTO `ga3w20`.`books_format` (`books_isbn`, `format_id`) VALUES ('9780316134026', 3);
INSERT INTO `ga3w20`.`books_format` (`books_isbn`, `format_id`) VALUES ('9780316229296', 3);
INSERT INTO `ga3w20`.`books_format` (`books_isbn`, `format_id`) VALUES ('9780345409645', 3);
INSERT INTO `ga3w20`.`books_format` (`books_isbn`, `format_id`) VALUES ('9780345538987', 3);
INSERT INTO `ga3w20`.`books_format` (`books_isbn`, `format_id`) VALUES ('9780356500539', 3);
INSERT INTO `ga3w20`.`books_format` (`books_isbn`, `format_id`) VALUES ('9780399171611', 3);
INSERT INTO `ga3w20`.`books_format` (`books_isbn`, `format_id`) VALUES ('9780425134351', 3);
INSERT INTO `ga3w20`.`books_format` (`books_isbn`, `format_id`) VALUES ('9780425172902', 3);
INSERT INTO `ga3w20`.`books_format` (`books_isbn`, `format_id`) VALUES ('9780439023481', 3);
INSERT INTO `ga3w20`.`books_format` (`books_isbn`, `format_id`) VALUES ('9780439023498', 3);
INSERT INTO `ga3w20`.`books_format` (`books_isbn`, `format_id`) VALUES ('9780439023511', 3);
INSERT INTO `ga3w20`.`books_format` (`books_isbn`, `format_id`) VALUES ('9780441172719', 3);
INSERT INTO `ga3w20`.`books_format` (`books_isbn`, `format_id`) VALUES ('9780441478125', 3);
INSERT INTO `ga3w20`.`books_format` (`books_isbn`, `format_id`) VALUES ('9780441783588', 3);
INSERT INTO `ga3w20`.`books_format` (`books_isbn`, `format_id`) VALUES ('9780451119674', 3);
INSERT INTO `ga3w20`.`books_format` (`books_isbn`, `format_id`) VALUES ('9780451457998', 3);
INSERT INTO `ga3w20`.`books_format` (`books_isbn`, `format_id`) VALUES ('9780451465641', 3);
INSERT INTO `ga3w20`.`books_format` (`books_isbn`, `format_id`) VALUES ('9780544340688', 3);
INSERT INTO `ga3w20`.`books_format` (`books_isbn`, `format_id`) VALUES ('9780547258300', 3);
INSERT INTO `ga3w20`.`books_format` (`books_isbn`, `format_id`) VALUES ('9780547572482', 3);
INSERT INTO `ga3w20`.`books_format` (`books_isbn`, `format_id`) VALUES ('9780547928197', 3);
INSERT INTO `ga3w20`.`books_format` (`books_isbn`, `format_id`) VALUES ('9780553025170', 3);
INSERT INTO `ga3w20`.`books_format` (`books_isbn`, `format_id`) VALUES ('9780553103540', 3);
INSERT INTO `ga3w20`.`books_format` (`books_isbn`, `format_id`) VALUES ('9780553212471', 3);
INSERT INTO `ga3w20`.`books_format` (`books_isbn`, `format_id`) VALUES ('9780553381689', 3);
INSERT INTO `ga3w20`.`books_format` (`books_isbn`, `format_id`) VALUES ('9780553448146', 3);
INSERT INTO `ga3w20`.`books_format` (`books_isbn`, `format_id`) VALUES ('9780553573398', 3);
INSERT INTO `ga3w20`.`books_format` (`books_isbn`, `format_id`) VALUES ('9780571084838', 3);
INSERT INTO `ga3w20`.`books_format` (`books_isbn`, `format_id`) VALUES ('9780575079755', 3);
INSERT INTO `ga3w20`.`books_format` (`books_isbn`, `format_id`) VALUES ('9780618260300', 3);
INSERT INTO `ga3w20`.`books_format` (`books_isbn`, `format_id`) VALUES ('9780618346257', 3);
INSERT INTO `ga3w20`.`books_format` (`books_isbn`, `format_id`) VALUES ('9780618640157', 3);
INSERT INTO `ga3w20`.`books_format` (`books_isbn`, `format_id`) VALUES ('9780671027384', 3);
INSERT INTO `ga3w20`.`books_format` (`books_isbn`, `format_id`) VALUES ('9780676977691', 3);
INSERT INTO `ga3w20`.`books_format` (`books_isbn`, `format_id`) VALUES ('9780739485811', 3);
INSERT INTO `ga3w20`.`books_format` (`books_isbn`, `format_id`) VALUES ('9780752224411', 3);
INSERT INTO `ga3w20`.`books_format` (`books_isbn`, `format_id`) VALUES ('9780752864327', 3);
INSERT INTO `ga3w20`.`books_format` (`books_isbn`, `format_id`) VALUES ('9780753453803', 3);
INSERT INTO `ga3w20`.`books_format` (`books_isbn`, `format_id`) VALUES ('9780756404741', 3);
INSERT INTO `ga3w20`.`books_format` (`books_isbn`, `format_id`) VALUES ('9780761463276', 3);
INSERT INTO `ga3w20`.`books_format` (`books_isbn`, `format_id`) VALUES ('9780765342980', 3);
INSERT INTO `ga3w20`.`books_format` (`books_isbn`, `format_id`) VALUES ('9780765357151', 3);
INSERT INTO `ga3w20`.`books_format` (`books_isbn`, `format_id`) VALUES ('9780765365279', 3);
INSERT INTO `ga3w20`.`books_format` (`books_isbn`, `format_id`) VALUES ('9780771008795', 3);
INSERT INTO `ga3w20`.`books_format` (`books_isbn`, `format_id`) VALUES ('9780771009419', 3);
INSERT INTO `ga3w20`.`books_format` (`books_isbn`, `format_id`) VALUES ('9780771009433', 3);
INSERT INTO `ga3w20`.`books_format` (`books_isbn`, `format_id`) VALUES ('9780804137270', 3);
INSERT INTO `ga3w20`.`books_format` (`books_isbn`, `format_id`) VALUES ('9780804139021', 3);
INSERT INTO `ga3w20`.`books_format` (`books_isbn`, `format_id`) VALUES ('9780812550702', 3);
INSERT INTO `ga3w20`.`books_format` (`books_isbn`, `format_id`) VALUES ('9780812974621', 3);
INSERT INTO `ga3w20`.`books_format` (`books_isbn`, `format_id`) VALUES ('9781250211101', 3);
INSERT INTO `ga3w20`.`books_format` (`books_isbn`, `format_id`) VALUES ('9781250295446', 3);
INSERT INTO `ga3w20`.`books_format` (`books_isbn`, `format_id`) VALUES ('9781400078776', 3);
INSERT INTO `ga3w20`.`books_format` (`books_isbn`, `format_id`) VALUES ('9781408855652', 3);
INSERT INTO `ga3w20`.`books_format` (`books_isbn`, `format_id`) VALUES ('9781416975861', 3);
INSERT INTO `ga3w20`.`books_format` (`books_isbn`, `format_id`) VALUES ('9781443423656', 3);
INSERT INTO `ga3w20`.`books_format` (`books_isbn`, `format_id`) VALUES ('9781451673319', 3);
INSERT INTO `ga3w20`.`books_format` (`books_isbn`, `format_id`) VALUES ('9781478006688', 3);
INSERT INTO `ga3w20`.`books_format` (`books_isbn`, `format_id`) VALUES ('9781481465588', 3);
INSERT INTO `ga3w20`.`books_format` (`books_isbn`, `format_id`) VALUES ('9781493627462', 3);
INSERT INTO `ga3w20`.`books_format` (`books_isbn`, `format_id`) VALUES ('9781497643079', 3);
INSERT INTO `ga3w20`.`books_format` (`books_isbn`, `format_id`) VALUES ('9781501156748', 3);
INSERT INTO `ga3w20`.`books_format` (`books_isbn`, `format_id`) VALUES ('9781505234725', 3);
INSERT INTO `ga3w20`.`books_format` (`books_isbn`, `format_id`) VALUES ('9781506707747', 3);
INSERT INTO `ga3w20`.`books_format` (`books_isbn`, `format_id`) VALUES ('9781524759780', 3);
INSERT INTO `ga3w20`.`books_format` (`books_isbn`, `format_id`) VALUES ('9781529034523', 3);
INSERT INTO `ga3w20`.`books_format` (`books_isbn`, `format_id`) VALUES ('9781595148049', 3);
INSERT INTO `ga3w20`.`books_format` (`books_isbn`, `format_id`) VALUES ('9781608867844', 3);
INSERT INTO `ga3w20`.`books_format` (`books_isbn`, `format_id`) VALUES ('9781619630345', 3);
INSERT INTO `ga3w20`.`books_format` (`books_isbn`, `format_id`) VALUES ('9781619760530', 3);
INSERT INTO `ga3w20`.`books_format` (`books_isbn`, `format_id`) VALUES ('9781727505702', 3);
INSERT INTO `ga3w20`.`books_format` (`books_isbn`, `format_id`) VALUES ('9781789263589', 3);
INSERT INTO `ga3w20`.`books_format` (`books_isbn`, `format_id`) VALUES ('9781935429005', 3);
INSERT INTO `ga3w20`.`books_format` (`books_isbn`, `format_id`) VALUES ('9781935429012', 3);
INSERT INTO `ga3w20`.`books_format` (`books_isbn`, `format_id`) VALUES ('9780441569595', 3);
INSERT INTO `ga3w20`.`books_format` (`books_isbn`, `format_id`) VALUES ('9785557085373', 3);
INSERT INTO `ga3w20`.`books_format` (`books_isbn`, `format_id`) VALUES ('9786065792296', 3);
INSERT INTO `ga3w20`.`books_format` (`books_isbn`, `format_id`) VALUES ('9789851807822', 3);

COMMIT;




-- -----------------------------------------------------
-- Data for table `ga3w20`.`books_genre`
-- -----------------------------------------------------
START TRANSACTION;
USE `ga3w20`;
INSERT INTO `ga3w20`.`books_genre` (`books_isbn`, `genre_id`) VALUES ('9780061139376', 1);
INSERT INTO `ga3w20`.`books_genre` (`books_isbn`, `genre_id`) VALUES ('9780062310644', 4);
INSERT INTO `ga3w20`.`books_genre` (`books_isbn`, `genre_id`) VALUES ('9780062748775', 3);
INSERT INTO `ga3w20`.`books_genre` (`books_isbn`, `genre_id`) VALUES ('9780062843494', 1);
INSERT INTO `ga3w20`.`books_genre` (`books_isbn`, `genre_id`) VALUES ('9780062952554', 1);
INSERT INTO `ga3w20`.`books_genre` (`books_isbn`, `genre_id`) VALUES ('9780099288473', 1);
INSERT INTO `ga3w20`.`books_genre` (`books_isbn`, `genre_id`) VALUES ('9780099458234', 3);
INSERT INTO `ga3w20`.`books_genre` (`books_isbn`, `genre_id`) VALUES ('9780140449266', 5);
INSERT INTO `ga3w20`.`books_genre` (`books_isbn`, `genre_id`) VALUES ('9780141036144', 3);
INSERT INTO `ga3w20`.`books_genre` (`books_isbn`, `genre_id`) VALUES ('9780141325491', 4);
INSERT INTO `ga3w20`.`books_genre` (`books_isbn`, `genre_id`) VALUES ('9780143039983', 1);
INSERT INTO `ga3w20`.`books_genre` (`books_isbn`, `genre_id`) VALUES ('9780198753698', 3);
INSERT INTO `ga3w20`.`books_genre` (`books_isbn`, `genre_id`) VALUES ('9780307277671', 5);
INSERT INTO `ga3w20`.`books_genre` (`books_isbn`, `genre_id`) VALUES ('9780307346612', 1);
INSERT INTO `ga3w20`.`books_genre` (`books_isbn`, `genre_id`) VALUES ('9780307356543', 3);
INSERT INTO `ga3w20`.`books_genre` (`books_isbn`, `genre_id`) VALUES ('9780307887436', 2);
INSERT INTO `ga3w20`.`books_genre` (`books_isbn`, `genre_id`) VALUES ('9780307949486', 5);
INSERT INTO `ga3w20`.`books_genre` (`books_isbn`, `genre_id`) VALUES ('9780312355296', 1);
INSERT INTO `ga3w20`.`books_genre` (`books_isbn`, `genre_id`) VALUES ('9780312868857', 1);
INSERT INTO `ga3w20`.`books_genre` (`books_isbn`, `genre_id`) VALUES ('9780312924584', 1);
INSERT INTO `ga3w20`.`books_genre` (`books_isbn`, `genre_id`) VALUES ('9780316038638', 4);
INSERT INTO `ga3w20`.`books_genre` (`books_isbn`, `genre_id`) VALUES ('9780316134026', 4);
INSERT INTO `ga3w20`.`books_genre` (`books_isbn`, `genre_id`) VALUES ('9780316229296', 4);
INSERT INTO `ga3w20`.`books_genre` (`books_isbn`, `genre_id`) VALUES ('9780345409645', 1);
INSERT INTO `ga3w20`.`books_genre` (`books_isbn`, `genre_id`) VALUES ('9780345538987', 5);
INSERT INTO `ga3w20`.`books_genre` (`books_isbn`, `genre_id`) VALUES ('9780356500539', 3);
INSERT INTO `ga3w20`.`books_genre` (`books_isbn`, `genre_id`) VALUES ('9780399171611', 4);
INSERT INTO `ga3w20`.`books_genre` (`books_isbn`, `genre_id`) VALUES ('9780425134351', 5);
INSERT INTO `ga3w20`.`books_genre` (`books_isbn`, `genre_id`) VALUES ('9780425172902', 5);
INSERT INTO `ga3w20`.`books_genre` (`books_isbn`, `genre_id`) VALUES ('9780439023481', 3);
INSERT INTO `ga3w20`.`books_genre` (`books_isbn`, `genre_id`) VALUES ('9780439023498', 5);
INSERT INTO `ga3w20`.`books_genre` (`books_isbn`, `genre_id`) VALUES ('9780439023511', 5);
INSERT INTO `ga3w20`.`books_genre` (`books_isbn`, `genre_id`) VALUES ('9780441172719', 2);
INSERT INTO `ga3w20`.`books_genre` (`books_isbn`, `genre_id`) VALUES ('9780441478125', 2);
INSERT INTO `ga3w20`.`books_genre` (`books_isbn`, `genre_id`) VALUES ('9780441783588', 2);
INSERT INTO `ga3w20`.`books_genre` (`books_isbn`, `genre_id`) VALUES ('9780451119674', 1);
INSERT INTO `ga3w20`.`books_genre` (`books_isbn`, `genre_id`) VALUES ('9780451457998', 2);
INSERT INTO `ga3w20`.`books_genre` (`books_isbn`, `genre_id`) VALUES ('9780451465641', 3);
INSERT INTO `ga3w20`.`books_genre` (`books_isbn`, `genre_id`) VALUES ('9780544340688', 3);
INSERT INTO `ga3w20`.`books_genre` (`books_isbn`, `genre_id`) VALUES ('9780547258300', 4);
INSERT INTO `ga3w20`.`books_genre` (`books_isbn`, `genre_id`) VALUES ('9780547572482', 2);
INSERT INTO `ga3w20`.`books_genre` (`books_isbn`, `genre_id`) VALUES ('9780547928197', 5);
INSERT INTO `ga3w20`.`books_genre` (`books_isbn`, `genre_id`) VALUES ('9780553025170', 3);
INSERT INTO `ga3w20`.`books_genre` (`books_isbn`, `genre_id`) VALUES ('9780553103540', 5);
INSERT INTO `ga3w20`.`books_genre` (`books_isbn`, `genre_id`) VALUES ('9780553212471', 1);
INSERT INTO `ga3w20`.`books_genre` (`books_isbn`, `genre_id`) VALUES ('9780553381689', 4);
INSERT INTO `ga3w20`.`books_genre` (`books_isbn`, `genre_id`) VALUES ('9780553448146', 2);
INSERT INTO `ga3w20`.`books_genre` (`books_isbn`, `genre_id`) VALUES ('9780553573398', 4);
INSERT INTO `ga3w20`.`books_genre` (`books_isbn`, `genre_id`) VALUES ('9780571084838', 3);
INSERT INTO `ga3w20`.`books_genre` (`books_isbn`, `genre_id`) VALUES ('9780575079755', 4);
INSERT INTO `ga3w20`.`books_genre` (`books_isbn`, `genre_id`) VALUES ('9780618260300', 5);
INSERT INTO `ga3w20`.`books_genre` (`books_isbn`, `genre_id`) VALUES ('9780618346257', 5);
INSERT INTO `ga3w20`.`books_genre` (`books_isbn`, `genre_id`) VALUES ('9780618640157', 5);
INSERT INTO `ga3w20`.`books_genre` (`books_isbn`, `genre_id`) VALUES ('9780671027384', 5);
INSERT INTO `ga3w20`.`books_genre` (`books_isbn`, `genre_id`) VALUES ('9780676977691', 3);
INSERT INTO `ga3w20`.`books_genre` (`books_isbn`, `genre_id`) VALUES ('9780739485811', 1);
INSERT INTO `ga3w20`.`books_genre` (`books_isbn`, `genre_id`) VALUES ('9780752224411', 5);
INSERT INTO `ga3w20`.`books_genre` (`books_isbn`, `genre_id`) VALUES ('9780752864327', 5);
INSERT INTO `ga3w20`.`books_genre` (`books_isbn`, `genre_id`) VALUES ('9780753453803', 5);
INSERT INTO `ga3w20`.`books_genre` (`books_isbn`, `genre_id`) VALUES ('9780756404741', 4);
INSERT INTO `ga3w20`.`books_genre` (`books_isbn`, `genre_id`) VALUES ('9780761463276', 4);
INSERT INTO `ga3w20`.`books_genre` (`books_isbn`, `genre_id`) VALUES ('9780765342980', 4);
INSERT INTO `ga3w20`.`books_genre` (`books_isbn`, `genre_id`) VALUES ('9780765357151', 1);
INSERT INTO `ga3w20`.`books_genre` (`books_isbn`, `genre_id`) VALUES ('9780765365279', 4);
INSERT INTO `ga3w20`.`books_genre` (`books_isbn`, `genre_id`) VALUES ('9780771008795', 3);
INSERT INTO `ga3w20`.`books_genre` (`books_isbn`, `genre_id`) VALUES ('9780771009419', 3);
INSERT INTO `ga3w20`.`books_genre` (`books_isbn`, `genre_id`) VALUES ('9780771009433', 3);
INSERT INTO `ga3w20`.`books_genre` (`books_isbn`, `genre_id`) VALUES ('9780804137270', 2);
INSERT INTO `ga3w20`.`books_genre` (`books_isbn`, `genre_id`) VALUES ('9780804139021', 2);
INSERT INTO `ga3w20`.`books_genre` (`books_isbn`, `genre_id`) VALUES ('9780812550702', 2);
INSERT INTO `ga3w20`.`books_genre` (`books_isbn`, `genre_id`) VALUES ('9780812974621', 3);
INSERT INTO `ga3w20`.`books_genre` (`books_isbn`, `genre_id`) VALUES ('9781250211101', 4);
INSERT INTO `ga3w20`.`books_genre` (`books_isbn`, `genre_id`) VALUES ('9781250295446', 4);
INSERT INTO `ga3w20`.`books_genre` (`books_isbn`, `genre_id`) VALUES ('9781400078776', 3);
INSERT INTO `ga3w20`.`books_genre` (`books_isbn`, `genre_id`) VALUES ('9781408855652', 4);
INSERT INTO `ga3w20`.`books_genre` (`books_isbn`, `genre_id`) VALUES ('9781416975861', 4);
INSERT INTO `ga3w20`.`books_genre` (`books_isbn`, `genre_id`) VALUES ('9781443423656', 2);
INSERT INTO `ga3w20`.`books_genre` (`books_isbn`, `genre_id`) VALUES ('9781451673319', 3);
INSERT INTO `ga3w20`.`books_genre` (`books_isbn`, `genre_id`) VALUES ('9781478006688', 3);
INSERT INTO `ga3w20`.`books_genre` (`books_isbn`, `genre_id`) VALUES ('9781481465588', 4);
INSERT INTO `ga3w20`.`books_genre` (`books_isbn`, `genre_id`) VALUES ('9781493627462', 1);
INSERT INTO `ga3w20`.`books_genre` (`books_isbn`, `genre_id`) VALUES ('9781497643079', 2);
INSERT INTO `ga3w20`.`books_genre` (`books_isbn`, `genre_id`) VALUES ('9781501156748', 1);
INSERT INTO `ga3w20`.`books_genre` (`books_isbn`, `genre_id`) VALUES ('9781505234725', 5);
INSERT INTO `ga3w20`.`books_genre` (`books_isbn`, `genre_id`) VALUES ('9781506707747', 2);
INSERT INTO `ga3w20`.`books_genre` (`books_isbn`, `genre_id`) VALUES ('9781524759780', 2);
INSERT INTO `ga3w20`.`books_genre` (`books_isbn`, `genre_id`) VALUES ('9781529034523', 2);
INSERT INTO `ga3w20`.`books_genre` (`books_isbn`, `genre_id`) VALUES ('9781595148049', 4);
INSERT INTO `ga3w20`.`books_genre` (`books_isbn`, `genre_id`) VALUES ('9781608867844', 2);
INSERT INTO `ga3w20`.`books_genre` (`books_isbn`, `genre_id`) VALUES ('9781619630345', 4);
INSERT INTO `ga3w20`.`books_genre` (`books_isbn`, `genre_id`) VALUES ('9781619760530', 2);
INSERT INTO `ga3w20`.`books_genre` (`books_isbn`, `genre_id`) VALUES ('9781727505702', 1);
INSERT INTO `ga3w20`.`books_genre` (`books_isbn`, `genre_id`) VALUES ('9781789263589', 3);
INSERT INTO `ga3w20`.`books_genre` (`books_isbn`, `genre_id`) VALUES ('9781935429005', 2);
INSERT INTO `ga3w20`.`books_genre` (`books_isbn`, `genre_id`) VALUES ('9781935429012', 2);
INSERT INTO `ga3w20`.`books_genre` (`books_isbn`, `genre_id`) VALUES ('9780441569595', 2);
INSERT INTO `ga3w20`.`books_genre` (`books_isbn`, `genre_id`) VALUES ('9785557085373', 1);
INSERT INTO `ga3w20`.`books_genre` (`books_isbn`, `genre_id`) VALUES ('9786065792296', 1);
INSERT INTO `ga3w20`.`books_genre` (`books_isbn`, `genre_id`) VALUES ('9789851807822', 1);

COMMIT;

-- -----------------------------------------------------
-- Data for table `ga3w20`.`province`
-- -----------------------------------------------------
START TRANSACTION;
USE `ga3w20`;
INSERT INTO `ga3w20`.`province` (`name`, `GST`, `PST`, `QST`, `HST`) VALUES ('Alberta', 0.05, 0.00, 0.00, 0.00);
INSERT INTO `ga3w20`.`province` (`name`, `GST`, `PST`, `QST`, `HST`) VALUES ('British Columbia', 0.05, 0.07, 0.00, 0.00);
INSERT INTO `ga3w20`.`province` (`name`, `GST`, `PST`, `QST`, `HST`) VALUES ('Manitoba', 0.05, 0.07, 0.00, 0.00);
INSERT INTO `ga3w20`.`province` (`name`, `GST`, `PST`, `QST`, `HST`) VALUES ('New Brunswick', 0.00, 0.00, 0.00, 0.15);
INSERT INTO `ga3w20`.`province` (`name`, `GST`, `PST`, `QST`, `HST`) VALUES ('Newfoundland and Labrador', 0.00, 0.00, 0.00, 0.15);
INSERT INTO `ga3w20`.`province` (`name`, `GST`, `PST`, `QST`, `HST`) VALUES ('Northwest Territories', 0.05, 0.00, 0.00, 0.00);
INSERT INTO `ga3w20`.`province` (`name`, `GST`, `PST`, `QST`, `HST`) VALUES ('Nova Scotia', 0.00, 0.00, 0.00, 0.15);
INSERT INTO `ga3w20`.`province` (`name`, `GST`, `PST`, `QST`, `HST`) VALUES ('Nunavut', 0.05, 0.00, 0.00, 0.00);
INSERT INTO `ga3w20`.`province` (`name`, `GST`, `PST`, `QST`, `HST`) VALUES ('Ontario', 0.00, 0.00, 0.00, 0.13);
INSERT INTO `ga3w20`.`province` (`name`, `GST`, `PST`, `QST`, `HST`) VALUES ('Prince Edward Island', 0.00, 0.00, 0.00, 0.15);
INSERT INTO `ga3w20`.`province` (`name`, `GST`, `PST`, `QST`, `HST`) VALUES ('Quebec', 0.05, 0.00, 0.10, 0.00);
INSERT INTO `ga3w20`.`province` (`name`, `GST`, `PST`, `QST`, `HST`) VALUES ('Saskatchewan', 0.05, 0.06, 0.00, 0.00);
--INSERT INTO `ga3w20`.`province` (`name`, `GST`, `PST`, `QST`, `HST`) VALUES ('0', 0.05, 0.00, 0.00, 0.00);

COMMIT;

-- -----------------------------------------------------
-- Data for table `ga3w20`.`users`
-- -----------------------------------------------------
START TRANSACTION; 

INSERT INTO `ga3w20`.`users` (`id`, `title`, `last_name`, `first_name`, `company_name`, `address1`, `address2`, `city`, `province_name`, `postal_code`, `home_telephoe`, `cellphone`, `email`, `is_manager`, `password_hash`, `salt`) VALUES (1, 'Mr', 'DawsonConsumer', 'DawsonConsumer', 'Dawson College', '3040 Sherbrooke St W', '3040 Sherbrooke St W', 'Montreal', 'Quebec', 'H3Z 1A4', 6068502189, 5934120379, 'cst.send@gmail.com', 'false', 'a27f04d4c41b1cea57a0316d32d4960fd60a45eb7947e59443079e62879870ce',x'2e6ed92f8071e06015819bb2db401fb0');
INSERT INTO `ga3w20`.`users` (`id`, `title`, `last_name`, `first_name`, `company_name`, `address1`, `address2`, `city`, `province_name`, `postal_code`, `home_telephoe`, `cellphone`, `email`, `is_manager`, `password_hash`, `salt`) VALUES (2, 'Mr', 'DawsonManager', 'DawsonManager', 'Dawson College', '3040 Sherbrooke St W', '3040 Sherbrooke St W', 'Montreal', 'Quebec', 'H3Z 1A4', 4929247346, 9913902532, 'cst.receive@gmail.com', 'true', 'ba8cf2de12e9ef66038ee908c7a4766b486a21e62f4aedf338b2be8f8f1dd236',x'eba6898c880b1f445d905ed282b832d3');
INSERT INTO `ga3w20`.`users` (`id`, `title`, `last_name`, `first_name`, `company_name`, `address1`, `address2`, `city`, `province_name`, `postal_code`, `home_telephoe`, `cellphone`, `email`, `is_manager`, `password_hash`, `salt`) VALUES (3, 'Ms', 'Elhashani', 'Hadil', 'Dawson College', '85762 Comanche Center', '0952 Chinook Terrace', 'Montreal', 'Quebec', 'P0G 9C8', 5454587644, 6604314040, 'hadiltahir5@gmail.com', 'true', '359b6d6f83b531ed6f33aa03022f107a700b533ca4886f7bd5a5ea25eedd271a',x'4c93396f4d5f53c8d10ec15034c41797');
INSERT INTO `ga3w20`.`users` (`id`, `title`, `last_name`, `first_name`, `company_name`, `address1`, `address2`, `city`, `province_name`, `postal_code`, `home_telephoe`, `cellphone`, `email`, `is_manager`, `password_hash`, `salt`) VALUES (4, 'Mr', 'Berestetskyy', 'Alexander', 'Dawson College', '7 Upham Street', '0 Sycamore Center', 'Montreal', 'Quebec', 'K4K 6P5', 8351619381, 3288428078, 'alex@alex.ca', 'true', '359b6d6f83b531ed6f33aa03022f107a700b533ca4886f7bd5a5ea25eedd271a',x'4c93396f4d5f53c8d10ec15034c41797');
INSERT INTO `ga3w20`.`users` (`id`, `title`, `last_name`, `first_name`, `company_name`, `address1`, `address2`, `city`, `province_name`, `postal_code`, `home_telephoe`, `cellphone`, `email`, `is_manager`, `password_hash`, `salt`) VALUES (5, 'Mr', 'Mishin', 'Michael', 'Dawson College', '988 Anderson Junction', '818 Summit Junction', 'Montreal', 'Quebec', 'K8C 3P9', 5254150469, 3838879767, 'michael@michael.ca', 'true', '359b6d6f83b531ed6f33aa03022f107a700b533ca4886f7bd5a5ea25eedd271a',x'4c93396f4d5f53c8d10ec15034c41797');
INSERT INTO `ga3w20`.`users` (`id`, `title`, `last_name`, `first_name`, `company_name`, `address1`, `address2`, `city`, `province_name`, `postal_code`, `home_telephoe`, `cellphone`, `email`, `is_manager`, `password_hash`, `salt`) VALUES (6, 'Mr', 'Moro', 'Franco', 'Dawson College', '37 Montana Court', '860 Melby Circle', 'Smoky Montreal', 'Quebec', 'P1P 7G0', 6894738937, 3608450820, 'franco@franco.ca', 'true', '359b6d6f83b531ed6f33aa03022f107a700b533ca4886f7bd5a5ea25eedd271a',x'4c93396f4d5f53c8d10ec15034c41797');
INSERT INTO `ga3w20`.`users` (`id`, `title`, `last_name`, `first_name`, `company_name`, `address1`, `address2`, `city`, `province_name`, `postal_code`, `home_telephoe`, `cellphone`, `email`, `is_manager`, `password_hash`, `salt`) VALUES (7, 'Mr', 'Li', 'Yongchao', 'Dawson College', '5 Saint Paul Alley', '821 Lake View Avenue', 'Montreal', 'Quebec', 'K7K 1G3', 5937705444, 3831068437, 'yongchao@yongchao.ca', 'true', '359b6d6f83b531ed6f33aa03022f107a700b533ca4886f7bd5a5ea25eedd271a',x'4c93396f4d5f53c8d10ec15034c41797');
INSERT INTO `ga3w20`.`users` (`id`, `title`, `last_name`, `first_name`, `company_name`, `address1`, `address2`, `city`, `province_name`, `postal_code`, `home_telephoe`, `cellphone`, `email`, `is_manager`, `password_hash`, `salt`) VALUES (8, 'Ms', 'Clarita', 'Angrove', 'Topdrive', '5 Bay Crossing', '6 Sachtjen Pass', 'Digby', 'Nova Scotia', 'H3K 4P7', 5185511170, 5363178836, 'cangrove7@netvibes.com', 'false', '359b6d6f83b531ed6f33aa03022f107a700b533ca4886f7bd5a5ea25eedd271a',x'4c93396f4d5f53c8d10ec15034c41797');
INSERT INTO `ga3w20`.`users` (`id`, `title`, `last_name`, `first_name`, `company_name`, `address1`, `address2`, `city`, `province_name`, `postal_code`, `home_telephoe`, `cellphone`, `email`, `is_manager`, `password_hash`, `salt`) VALUES (9, 'Mrs', 'Rolando', 'Ruddin', 'Flipbug', '25643 Sachtjen Pass', '396 Mallard Terrace', 'Morinville', 'Alberta', 'K3G 4C4', 4807285983, 9404135087, 'rruddin8@senate.gov', 'false', '359b6d6f83b531ed6f33aa03022f107a700b533ca4886f7bd5a5ea25eedd271a',x'4c93396f4d5f53c8d10ec15034c41797');
INSERT INTO `ga3w20`.`users` (`id`, `title`, `last_name`, `first_name`, `company_name`, `address1`, `address2`, `city`, `province_name`, `postal_code`, `home_telephoe`, `cellphone`, `email`, `is_manager`, `password_hash`, `salt`) VALUES (10, 'Dr', 'Trumaine', 'Ellson', 'Rhynyx', '79232 Leroy Crossing', '5 Coleman Way', 'Banff', 'Alberta', 'G3P 3P5', 9561934430, 9604656784, 'tellson9@google.ca', 'false', '359b6d6f83b531ed6f33aa03022f107a700b533ca4886f7bd5a5ea25eedd271a',x'4c93396f4d5f53c8d10ec15034c41797');
INSERT INTO `ga3w20`.`users` (`id`, `title`, `last_name`, `first_name`, `company_name`, `address1`, `address2`, `city`, `province_name`, `postal_code`, `home_telephoe`, `cellphone`, `email`, `is_manager`, `password_hash`, `salt`) VALUES (11, 'Dr', 'Laurel', 'Yitzhakof', 'Cogibox', '9587 Del Mar Avenue', '97078 Sunbrook Way', 'Lamont', 'Alberta', 'P1C 5P5', 4319894687, 4004091063, 'lyitzhakofa@google.com', 'false', '359b6d6f83b531ed6f33aa03022f107a700b533ca4886f7bd5a5ea25eedd271a',x'4c93396f4d5f53c8d10ec15034c41797');
INSERT INTO `ga3w20`.`users` (`id`, `title`, `last_name`, `first_name`, `company_name`, `address1`, `address2`, `city`, `province_name`, `postal_code`, `home_telephoe`, `cellphone`, `email`, `is_manager`, `password_hash`, `salt`) VALUES (12, 'Mr', 'Brewster', 'Chomicz', 'Devify', '6499 Vahlen Alley', '6 Kenwood Street', 'Petawawa', 'Ontario', 'P5C 9C6', 2968536266, 6738439872, 'bchomiczb@forbes.com', 'false', '359b6d6f83b531ed6f33aa03022f107a700b533ca4886f7bd5a5ea25eedd271a',x'4c93396f4d5f53c8d10ec15034c41797');
INSERT INTO `ga3w20`.`users` (`id`, `title`, `last_name`, `first_name`, `company_name`, `address1`, `address2`, `city`, `province_name`, `postal_code`, `home_telephoe`, `cellphone`, `email`, `is_manager`, `password_hash`, `salt`) VALUES (13, 'Mrs', 'Rosy', 'Bergeau', 'Oyoba', '0 Ronald Regan Crossing', '73527 Messerschmidt Lane', 'Hanover', 'Ontario', 'P4K 1P0', 9083300896, 5458848697, 'rbergeauc@adobe.com', 'false', '359b6d6f83b531ed6f33aa03022f107a700b533ca4886f7bd5a5ea25eedd271a',x'4c93396f4d5f53c8d10ec15034c41797');
INSERT INTO `ga3w20`.`users` (`id`, `title`, `last_name`, `first_name`, `company_name`, `address1`, `address2`, `city`, `province_name`, `postal_code`, `home_telephoe`, `cellphone`, `email`, `is_manager`, `password_hash`, `salt`) VALUES (14, 'Rev', 'Tracy', 'Fortye', 'Meembee', '2 Kim Parkway', '2 Arrowood Center', 'Rayside-Balfour', 'Ontario', 'C9G 9P4', 8701249668, 5037152209, 'tfortyed@independent.co.uk', 'false', '359b6d6f83b531ed6f33aa03022f107a700b533ca4886f7bd5a5ea25eedd271a',x'4c93396f4d5f53c8d10ec15034c41797');
INSERT INTO `ga3w20`.`users` (`id`, `title`, `last_name`, `first_name`, `company_name`, `address1`, `address2`, `city`, `province_name`, `postal_code`, `home_telephoe`, `cellphone`, `email`, `is_manager`, `password_hash`, `salt`) VALUES (15, 'Ms', 'Madelin', 'Syversen', 'Aimbo', '93164 Golden Leaf Place', '199 Evergreen Crossing', 'Fort Erie', 'Ontario', 'J2K 4P6', 7578911509, 9007168790, 'msyversene@buzzfeed.com', 'false', '359b6d6f83b531ed6f33aa03022f107a700b533ca4886f7bd5a5ea25eedd271a',x'4c93396f4d5f53c8d10ec15034c41797');
INSERT INTO `ga3w20`.`users` (`id`, `title`, `last_name`, `first_name`, `company_name`, `address1`, `address2`, `city`, `province_name`, `postal_code`, `home_telephoe`, `cellphone`, `email`, `is_manager`, `password_hash`, `salt`) VALUES (16, 'Mrs', 'Hermine', 'Honniebal', 'Edgetag', '2 Milwaukee Road', '3 Ronald Regan Pass', 'Alberton', 'Prince Edward Island', 'K5P 8P8', 5335325628, 7265861281, 'hhonniebalf@fotki.com', 'false', '359b6d6f83b531ed6f33aa03022f107a700b533ca4886f7bd5a5ea25eedd271a',x'4c93396f4d5f53c8d10ec15034c41797');
INSERT INTO `ga3w20`.`users` (`id`, `title`, `last_name`, `first_name`, `company_name`, `address1`, `address2`, `city`, `province_name`, `postal_code`, `home_telephoe`, `cellphone`, `email`, `is_manager`, `password_hash`, `salt`) VALUES (17, 'Honorable', 'Ingelbert', 'Suche', 'Gabtune', '311 Schiller Avenue', '23 New Castle Way', 'Lethbridge', 'Alberta', 'G7C 6P5', 3475088221, 7767547036, 'isucheg@ox.ac.uk', 'false', '359b6d6f83b531ed6f33aa03022f107a700b533ca4886f7bd5a5ea25eedd271a',x'4c93396f4d5f53c8d10ec15034c41797');
INSERT INTO `ga3w20`.`users` (`id`, `title`, `last_name`, `first_name`, `company_name`, `address1`, `address2`, `city`, `province_name`, `postal_code`, `home_telephoe`, `cellphone`, `email`, `is_manager`, `password_hash`, `salt`) VALUES (18, 'Dr', 'Josey', 'Pilmer', 'Browsecat', '77803 Macpherson Parkway', '047 Eggendart Park', 'Agassiz', 'British Columbia', 'C1H 1P5', 5686454327, 8048140988, 'jpilmerh@altervista.org', 'false', '359b6d6f83b531ed6f33aa03022f107a700b533ca4886f7bd5a5ea25eedd271a',x'4c93396f4d5f53c8d10ec15034c41797');
INSERT INTO `ga3w20`.`users` (`id`, `title`, `last_name`, `first_name`, `company_name`, `address1`, `address2`, `city`, `province_name`, `postal_code`, `home_telephoe`, `cellphone`, `email`, `is_manager`, `password_hash`, `salt`) VALUES (19, 'Honorable', 'Sullivan', 'Hallows', 'BlogXS', '1 Bartelt Place', '8 Spaight Court', 'Swift Current', 'Saskatchewan', 'G2G 1P3', 8258478210, 8928691620, 'shallowsi@geocities.com', 'false', '359b6d6f83b531ed6f33aa03022f107a700b533ca4886f7bd5a5ea25eedd271a',x'4c93396f4d5f53c8d10ec15034c41797');
INSERT INTO `ga3w20`.`users` (`id`, `title`, `last_name`, `first_name`, `company_name`, `address1`, `address2`, `city`, `province_name`, `postal_code`, `home_telephoe`, `cellphone`, `email`, `is_manager`, `password_hash`, `salt`) VALUES (20, 'Honorable', 'Randy', 'Balser', 'Mita', '1 Canary Hill', '6499 Springs Court', 'Montague', 'Prince Edward Island', 'K4K 0P1', 6296281666, 9361345945, 'rbalserj@weebly.com', 'false', '359b6d6f83b531ed6f33aa03022f107a700b533ca4886f7bd5a5ea25eedd271a',x'4c93396f4d5f53c8d10ec15034c41797');
INSERT INTO `ga3w20`.`users` (`id`, `title`, `last_name`, `first_name`, `company_name`, `address1`, `address2`, `city`, `province_name`, `postal_code`, `home_telephoe`, `cellphone`, `email`, `is_manager`, `password_hash`, `salt`) VALUES (21, 'Rev', 'Glori', 'Lamp', 'Devpoint', '06130 Fisk Junction', '92629 Caliangt Road', 'Barrhead', 'Alberta', 'C9K 0W1', 1773773604, 7845726981, 'glampk@i2i.jp', 'false', '359b6d6f83b531ed6f33aa03022f107a700b533ca4886f7bd5a5ea25eedd271a',x'4c93396f4d5f53c8d10ec15034c41797');
INSERT INTO `ga3w20`.`users` (`id`, `title`, `last_name`, `first_name`, `company_name`, `address1`, `address2`, `city`, `province_name`, `postal_code`, `home_telephoe`, `cellphone`, `email`, `is_manager`, `password_hash`, `salt`) VALUES (22, 'Mrs', 'Jere', 'Kienl', 'Shufflester', '4897 Moland Plaza', '247 Red Cloud Trail', 'Innisfil', 'Ontario', 'K4K 2G4', 5301095348, 3401334761, 'jkienll@etsy.com', 'false', '359b6d6f83b531ed6f33aa03022f107a700b533ca4886f7bd5a5ea25eedd271a',x'4c93396f4d5f53c8d10ec15034c41797');
INSERT INTO `ga3w20`.`users` (`id`, `title`, `last_name`, `first_name`, `company_name`, `address1`, `address2`, `city`, `province_name`, `postal_code`, `home_telephoe`, `cellphone`, `email`, `is_manager`, `password_hash`, `salt`) VALUES (23, 'Mrs', 'Nat', 'Rosenauer', 'Kare', '7 Walton Trail', '1 Riverside Court', 'Carman', 'Manitoba', 'G8K 2C3', 2546423146, 9226544508, 'nrosenauerm@thetimes.co.uk', 'false', '359b6d6f83b531ed6f33aa03022f107a700b533ca4886f7bd5a5ea25eedd271a',x'4c93396f4d5f53c8d10ec15034c41797');
INSERT INTO `ga3w20`.`users` (`id`, `title`, `last_name`, `first_name`, `company_name`, `address1`, `address2`, `city`, `province_name`, `postal_code`, `home_telephoe`, `cellphone`, `email`, `is_manager`, `password_hash`, `salt`) VALUES (24, 'Rev', 'Ingra', 'Proven', 'Latz', '1 Sauthoff Center', '196 Helena Point', 'Outlook', 'Saskatchewan', 'P3K 7P6', 8463671578, 7314356463, 'iprovenn@bravesites.com', 'false', '359b6d6f83b531ed6f33aa03022f107a700b533ca4886f7bd5a5ea25eedd271a',x'4c93396f4d5f53c8d10ec15034c41797');
INSERT INTO `ga3w20`.`users` (`id`, `title`, `last_name`, `first_name`, `company_name`, `address1`, `address2`, `city`, `province_name`, `postal_code`, `home_telephoe`, `cellphone`, `email`, `is_manager`, `password_hash`, `salt`) VALUES (25, 'Honorable', 'Colman', 'Gillingwater', 'Feedmix', '18352 Mifflin Plaza', '86938 Mallard Place', 'Swan Hills', 'Alberta', 'K4P 3J8', 7698492348, 3412529294, 'cgillingwatero@bloglovin.com', 'false', '359b6d6f83b531ed6f33aa03022f107a700b533ca4886f7bd5a5ea25eedd271a',x'4c93396f4d5f53c8d10ec15034c41797');
INSERT INTO `ga3w20`.`users` (`id`, `title`, `last_name`, `first_name`, `company_name`, `address1`, `address2`, `city`, `province_name`, `postal_code`, `home_telephoe`, `cellphone`, `email`, `is_manager`, `password_hash`, `salt`) VALUES (26, 'Ms', 'Trevor', 'Jurzyk', 'Gabtune', '195 Union Junction', '9 Blackbird Plaza', 'Lacombe', 'Alberta', 'K8K 0P3', 3692477875, 7478782100, 'tjurzykp@google.co.uk', 'false', '359b6d6f83b531ed6f33aa03022f107a700b533ca4886f7bd5a5ea25eedd271a',x'4c93396f4d5f53c8d10ec15034c41797');
INSERT INTO `ga3w20`.`users` (`id`, `title`, `last_name`, `first_name`, `company_name`, `address1`, `address2`, `city`, `province_name`, `postal_code`, `home_telephoe`, `cellphone`, `email`, `is_manager`, `password_hash`, `salt`) VALUES (27, 'Rev', 'Diane', 'Cripwell', 'Oyoba', '43888 Paget Avenue', '4475 Thompson Terrace', 'Charlottetown', 'Prince Edward Island', 'C7G 6P0', 6219795329, 9574577302, 'dcripwellq@marriott.com', 'false', '359b6d6f83b531ed6f33aa03022f107a700b533ca4886f7bd5a5ea25eedd271a',x'4c93396f4d5f53c8d10ec15034c41797');
INSERT INTO `ga3w20`.`users` (`id`, `title`, `last_name`, `first_name`, `company_name`, `address1`, `address2`, `city`, `province_name`, `postal_code`, `home_telephoe`, `cellphone`, `email`, `is_manager`, `password_hash`, `salt`) VALUES (28, 'Rev', 'Griffith', 'Brotherton', 'Mymm', '86359 Twin Pines Pass', '65 Pankratz Center', 'Kerrobert', 'Saskatchewan', 'P3K 0M2', 7289410249, 1858366766, 'gbrothertonr@sciencedirect.com', 'false', '359b6d6f83b531ed6f33aa03022f107a700b533ca4886f7bd5a5ea25eedd271a',x'4c93396f4d5f53c8d10ec15034c41797');
INSERT INTO `ga3w20`.`users` (`id`, `title`, `last_name`, `first_name`, `company_name`, `address1`, `address2`, `city`, `province_name`, `postal_code`, `home_telephoe`, `cellphone`, `email`, `is_manager`, `password_hash`, `salt`) VALUES (29, 'Mr', 'Jacky', 'Millam', 'Jabberstorm', '4077 American Hill', '22114 Green Ridge Parkway', 'Beausejour', 'Manitoba', 'G1P 1G5', 4444774252, 7381359326, 'jmillams@umich.edu', 'false', '359b6d6f83b531ed6f33aa03022f107a700b533ca4886f7bd5a5ea25eedd271a',x'4c93396f4d5f53c8d10ec15034c41797');
INSERT INTO `ga3w20`.`users` (`id`, `title`, `last_name`, `first_name`, `company_name`, `address1`, `address2`, `city`, `province_name`, `postal_code`, `home_telephoe`, `cellphone`, `email`, `is_manager`, `password_hash`, `salt`) VALUES (30, 'Rev', 'Greggory', 'McLugish', 'Browsebug', '43 Columbus Court', '35 Basil Drive', 'Pincher Creek', 'Alberta', 'G7K 7P4', 8925017188, 5633449963, 'gmclugisht@gravatar.com', 'false', '359b6d6f83b531ed6f33aa03022f107a700b533ca4886f7bd5a5ea25eedd271a',x'4c93396f4d5f53c8d10ec15034c41797');
INSERT INTO `ga3w20`.`users` (`id`, `title`, `last_name`, `first_name`, `company_name`, `address1`, `address2`, `city`, `province_name`, `postal_code`, `home_telephoe`, `cellphone`, `email`, `is_manager`, `password_hash`, `salt`) VALUES (31, 'Honorable', 'Ervin', 'De Giovanni', 'Twitterbridge', '309 Straubel Point', '24 Arrowood Terrace', 'Morinville', 'Alberta', 'K7G 6P6', 4942680062, 4008266499, 'edegiovanniu@java.com', 'false', '359b6d6f83b531ed6f33aa03022f107a700b533ca4886f7bd5a5ea25eedd271a',x'4c93396f4d5f53c8d10ec15034c41797');
INSERT INTO `ga3w20`.`users` (`id`, `title`, `last_name`, `first_name`, `company_name`, `address1`, `address2`, `city`, `province_name`, `postal_code`, `home_telephoe`, `cellphone`, `email`, `is_manager`, `password_hash`, `salt`) VALUES (32, 'Ms', 'Hannie', 'Gavaghan', 'Oloo', '99265 Eastlawn Court', '51464 Pawling Road', 'Collingwood', 'Ontario', 'K7K 1C4', 1138524812, 2869006361, 'hgavaghanv@ihg.com', 'false', '359b6d6f83b531ed6f33aa03022f107a700b533ca4886f7bd5a5ea25eedd271a',x'4c93396f4d5f53c8d10ec15034c41797');
INSERT INTO `ga3w20`.`users` (`id`, `title`, `last_name`, `first_name`, `company_name`, `address1`, `address2`, `city`, `province_name`, `postal_code`, `home_telephoe`, `cellphone`, `email`, `is_manager`, `password_hash`, `salt`) VALUES (33, 'Dr', 'Korella', 'Peffer', 'Shufflebeat', '8751 Katie Way', '8 Hansons Circle', 'Nanton', 'Alberta', 'K9K 7C6', 5842212594, 4295978888, 'kpefferw@com.com', 'false', '359b6d6f83b531ed6f33aa03022f107a700b533ca4886f7bd5a5ea25eedd271a',x'4c93396f4d5f53c8d10ec15034c41797');
INSERT INTO `ga3w20`.`users` (`id`, `title`, `last_name`, `first_name`, `company_name`, `address1`, `address2`, `city`, `province_name`, `postal_code`, `home_telephoe`, `cellphone`, `email`, `is_manager`, `password_hash`, `salt`) VALUES (34, 'Mrs', 'Winnah', 'Cazereau', 'Skivee', '7 Blaine Lane', '55 Anniversary Court', 'Kitimat', 'British Columbia', 'J5K 9P3', 1664185057, 6365246499, 'wcazereaux@bloglines.com', 'false', '359b6d6f83b531ed6f33aa03022f107a700b533ca4886f7bd5a5ea25eedd271a',x'4c93396f4d5f53c8d10ec15034c41797');
INSERT INTO `ga3w20`.`users` (`id`, `title`, `last_name`, `first_name`, `company_name`, `address1`, `address2`, `city`, `province_name`, `postal_code`, `home_telephoe`, `cellphone`, `email`, `is_manager`, `password_hash`, `salt`) VALUES (35, 'Dr', 'Geno', 'Rouff', 'Lazz', '0439 Utah Terrace', '4 Clarendon Hill', 'Rayside-Balfour', 'Ontario', 'K0K 2P8', 6066508467, 6243533976, 'grouffy@delicious.com', 'false', '359b6d6f83b531ed6f33aa03022f107a700b533ca4886f7bd5a5ea25eedd271a',x'4c93396f4d5f53c8d10ec15034c41797');
INSERT INTO `ga3w20`.`users` (`id`, `title`, `last_name`, `first_name`, `company_name`, `address1`, `address2`, `city`, `province_name`, `postal_code`, `home_telephoe`, `cellphone`, `email`, `is_manager`, `password_hash`, `salt`) VALUES (36, 'Honorable', 'Tiffanie', 'Ruberti', 'Kaymbo', '6 Spohn Plaza', '543 Ridgeway Parkway', 'Vaughan', 'Ontario', 'G9P 5G9', 9093797336, 3746341260, 'trubertiz@amazon.co.jp', 'false', '359b6d6f83b531ed6f33aa03022f107a700b533ca4886f7bd5a5ea25eedd271a',x'4c93396f4d5f53c8d10ec15034c41797');
INSERT INTO `ga3w20`.`users` (`id`, `title`, `last_name`, `first_name`, `company_name`, `address1`, `address2`, `city`, `province_name`, `postal_code`, `home_telephoe`, `cellphone`, `email`, `is_manager`, `password_hash`, `salt`) VALUES (37, 'Rev', 'Sybil', 'Marcham', 'Babbleopia', '54 Southridge Trail', '289 Tony Hill', 'Penticton', 'British Columbia', 'K5C 5G6', 9229987749, 8747093493, 'smarcham10@arizona.edu', 'false', '359b6d6f83b531ed6f33aa03022f107a700b533ca4886f7bd5a5ea25eedd271a',x'4c93396f4d5f53c8d10ec15034c41797');
INSERT INTO `ga3w20`.`users` (`id`, `title`, `last_name`, `first_name`, `company_name`, `address1`, `address2`, `city`, `province_name`, `postal_code`, `home_telephoe`, `cellphone`, `email`, `is_manager`, `password_hash`, `salt`) VALUES (38, 'Mr', 'Fabiano', 'Sydry', 'Camimbo', '31 Melvin Alley', '3508 Commercial Circle', 'Charlottetown', 'Prince Edward Island', 'P9C 2H9', 6246662571, 6317270052, 'fsydry11@goo.ne.jp', 'false', '359b6d6f83b531ed6f33aa03022f107a700b533ca4886f7bd5a5ea25eedd271a',x'4c93396f4d5f53c8d10ec15034c41797');
INSERT INTO `ga3w20`.`users` (`id`, `title`, `last_name`, `first_name`, `company_name`, `address1`, `address2`, `city`, `province_name`, `postal_code`, `home_telephoe`, `cellphone`, `email`, `is_manager`, `password_hash`, `salt`) VALUES (39, 'Dr', 'Guglielma', 'Goodlud', 'Jabbertype', '3419 Schiller Junction', '5 Fallview Junction', 'Inuvik', 'Northwest Territories', 'G5G 5P5', 6744873439, 9051193660, 'ggoodlud12@sourceforge.net', 'false', '359b6d6f83b531ed6f33aa03022f107a700b533ca4886f7bd5a5ea25eedd271a',x'4c93396f4d5f53c8d10ec15034c41797');
INSERT INTO `ga3w20`.`users` (`id`, `title`, `last_name`, `first_name`, `company_name`, `address1`, `address2`, `city`, `province_name`, `postal_code`, `home_telephoe`, `cellphone`, `email`, `is_manager`, `password_hash`, `salt`) VALUES (40, 'Ms', 'Abey', 'Ponde', 'Mita', '9244 8th Way', '17566 Cordelia Road', 'Neepawa', 'Manitoba', 'K0K 2G3', 4937022710, 1463878343, 'aponde13@yahoo.com', 'false', '359b6d6f83b531ed6f33aa03022f107a700b533ca4886f7bd5a5ea25eedd271a',x'4c93396f4d5f53c8d10ec15034c41797');
INSERT INTO `ga3w20`.`users` (`id`, `title`, `last_name`, `first_name`, `company_name`, `address1`, `address2`, `city`, `province_name`, `postal_code`, `home_telephoe`, `cellphone`, `email`, `is_manager`, `password_hash`, `salt`) VALUES (41, 'Rev', 'Adolphe', 'Younge', 'Quire', '86652 Di Loreto Lane', '8162 Petterle Crossing', 'Renfrew', 'Ontario', 'K9P 2P6', 9123372553, 3989984505, 'ayounge14@blinklist.com', 'false', '359b6d6f83b531ed6f33aa03022f107a700b533ca4886f7bd5a5ea25eedd271a',x'4c93396f4d5f53c8d10ec15034c41797');
INSERT INTO `ga3w20`.`users` (`id`, `title`, `last_name`, `first_name`, `company_name`, `address1`, `address2`, `city`, `province_name`, `postal_code`, `home_telephoe`, `cellphone`, `email`, `is_manager`, `password_hash`, `salt`) VALUES (42, 'Ms', 'Danni', 'Goning', 'Meeveo', '1172 Browning Place', '367 Quincy Parkway', 'Assiniboia', 'Saskatchewan', 'K1K 7P4', 1589727460, 5871710870, 'dgoning15@archive.org', 'false', '359b6d6f83b531ed6f33aa03022f107a700b533ca4886f7bd5a5ea25eedd271a',x'4c93396f4d5f53c8d10ec15034c41797');
INSERT INTO `ga3w20`.`users` (`id`, `title`, `last_name`, `first_name`, `company_name`, `address1`, `address2`, `city`, `province_name`, `postal_code`, `home_telephoe`, `cellphone`, `email`, `is_manager`, `password_hash`, `salt`) VALUES (43, 'Mrs', 'Jervis', 'Natwick', 'Feedbug', '4585 Evergreen Plaza', '74031 Doe Crossing Park', 'Unity', 'Saskatchewan', 'K8K 0P3', 5567981232, 5999848307, 'jnatwick16@storify.com', 'false', '359b6d6f83b531ed6f33aa03022f107a700b533ca4886f7bd5a5ea25eedd271a',x'4c93396f4d5f53c8d10ec15034c41797');
INSERT INTO `ga3w20`.`users` (`id`, `title`, `last_name`, `first_name`, `company_name`, `address1`, `address2`, `city`, `province_name`, `postal_code`, `home_telephoe`, `cellphone`, `email`, `is_manager`, `password_hash`, `salt`) VALUES (44, 'Ms', 'Gerri', 'Huckell', 'Einti', '718 Judy Plaza', '3 Atwood Street', 'Langenburg', 'Saskatchewan', 'K5P 6C7', 3689220070, 4956202126, 'ghuckell17@telegraph.co.uk', 'false', '359b6d6f83b531ed6f33aa03022f107a700b533ca4886f7bd5a5ea25eedd271a',x'4c93396f4d5f53c8d10ec15034c41797');
INSERT INTO `ga3w20`.`users` (`id`, `title`, `last_name`, `first_name`, `company_name`, `address1`, `address2`, `city`, `province_name`, `postal_code`, `home_telephoe`, `cellphone`, `email`, `is_manager`, `password_hash`, `salt`) VALUES (45, 'Mr', 'Kellby', 'Pucknell', 'Myworks', '1 Claremont Pass', '8174 Banding Plaza', 'Ingersoll', 'Ontario', 'P2K 2H2', 4745139247, 5439170799, 'kpucknell18@nih.gov', 'false', '359b6d6f83b531ed6f33aa03022f107a700b533ca4886f7bd5a5ea25eedd271a',x'4c93396f4d5f53c8d10ec15034c41797');
INSERT INTO `ga3w20`.`users` (`id`, `title`, `last_name`, `first_name`, `company_name`, `address1`, `address2`, `city`, `province_name`, `postal_code`, `home_telephoe`, `cellphone`, `email`, `is_manager`, `password_hash`, `salt`) VALUES (46, 'Honorable', 'Lavinie', 'Shawyer', 'Katz', '0776 Mendota Drive', '28822 Superior Street', 'Lac du Bonnet', 'Manitoba', 'K9K 0P4', 1981739121, 3403970177, 'lshawyer19@xrea.com', 'false', '359b6d6f83b531ed6f33aa03022f107a700b533ca4886f7bd5a5ea25eedd271a',x'4c93396f4d5f53c8d10ec15034c41797');
INSERT INTO `ga3w20`.`users` (`id`, `title`, `last_name`, `first_name`, `company_name`, `address1`, `address2`, `city`, `province_name`, `postal_code`, `home_telephoe`, `cellphone`, `email`, `is_manager`, `password_hash`, `salt`) VALUES (47, 'Ms', 'Cross', 'Grosvenor', 'Edgeify', '3485 Bluestem Plaza', '8 Esker Point', 'Midland', 'Ontario', 'P5P 2P0', 8092257013, 9444310560, 'cgrosvenor1a@infoseek.co.jp', 'false', '359b6d6f83b531ed6f33aa03022f107a700b533ca4886f7bd5a5ea25eedd271a',x'4c93396f4d5f53c8d10ec15034c41797');
INSERT INTO `ga3w20`.`users` (`id`, `title`, `last_name`, `first_name`, `company_name`, `address1`, `address2`, `city`, `province_name`, `postal_code`, `home_telephoe`, `cellphone`, `email`, `is_manager`, `password_hash`, `salt`) VALUES (48, 'Rev', 'Benedikta', 'Swede', 'Eare', '73791 Goodland Pass', '280 Bellgrove Trail', 'Fort McMurray', 'Alberta', 'G7K 6P5', 5638306276, 5435733155, 'bswede1b@smugmug.com', 'false', '359b6d6f83b531ed6f33aa03022f107a700b533ca4886f7bd5a5ea25eedd271a',x'4c93396f4d5f53c8d10ec15034c41797');
INSERT INTO `ga3w20`.`users` (`id`, `title`, `last_name`, `first_name`, `company_name`, `address1`, `address2`, `city`, `province_name`, `postal_code`, `home_telephoe`, `cellphone`, `email`, `is_manager`, `password_hash`, `salt`) VALUES (49, 'Mr', 'Abner', 'Wrout', 'JumpXS', '49871 Mallard Court', '983 Tennyson Trail', 'Prince Edward', 'Ontario', 'J9K 4P0', 9811632989, 7614534426, 'awrout1c@discuz.net', 'false', '359b6d6f83b531ed6f33aa03022f107a700b533ca4886f7bd5a5ea25eedd271a',x'4c93396f4d5f53c8d10ec15034c41797');
INSERT INTO `ga3w20`.`users` (`id`, `title`, `last_name`, `first_name`, `company_name`, `address1`, `address2`, `city`, `province_name`, `postal_code`, `home_telephoe`, `cellphone`, `email`, `is_manager`, `password_hash`, `salt`) VALUES (50, 'Rev', 'Stern', 'Shawyer', 'Aivee', '518 Cascade Road', '7 Morrow Court', 'Golden', 'British Columbia', 'K3G 6H1', 1753112284, 6548768718, 'sshawyer1d@slashdot.org', 'false', '359b6d6f83b531ed6f33aa03022f107a700b533ca4886f7bd5a5ea25eedd271a',x'4c93396f4d5f53c8d10ec15034c41797');
INSERT INTO `ga3w20`.`users` (`id`, `title`, `last_name`, `first_name`, `company_name`, `address1`, `address2`, `city`, `province_name`, `postal_code`, `home_telephoe`, `cellphone`, `email`, `is_manager`, `password_hash`, `salt`) VALUES (51, 'Rev', 'Antonia', 'Rogeon', 'Miboo', '1778 Claremont Hill', '1326 Carberry Drive', 'High River', 'Alberta', 'K2K 2G3', 8199581322, 9434450180, 'arogeon1e@ucsd.edu', 'false', '359b6d6f83b531ed6f33aa03022f107a700b533ca4886f7bd5a5ea25eedd271a',x'4c93396f4d5f53c8d10ec15034c41797');
INSERT INTO `ga3w20`.`users` (`id`, `title`, `last_name`, `first_name`, `company_name`, `address1`, `address2`, `city`, `province_name`, `postal_code`, `home_telephoe`, `cellphone`, `email`, `is_manager`, `password_hash`, `salt`) VALUES (52, 'Mrs', 'Wally', 'Lautie', 'Kwideo', '7903 Lien Hill', '677 Maryland Court', 'Newmarket', 'Ontario', 'P0K 1P9', 4774692816, 8352338796, 'wlautie1f@webs.com', 'false', '359b6d6f83b531ed6f33aa03022f107a700b533ca4886f7bd5a5ea25eedd271a',x'4c93396f4d5f53c8d10ec15034c41797');
INSERT INTO `ga3w20`.`users` (`id`, `title`, `last_name`, `first_name`, `company_name`, `address1`, `address2`, `city`, `province_name`, `postal_code`, `home_telephoe`, `cellphone`, `email`, `is_manager`, `password_hash`, `salt`) VALUES (53, 'Mrs', 'Dex', 'Maytom', 'Buzzster', '313 Sutherland Point', '08980 Eastwood Parkway', 'Trail', 'British Columbia', 'P9K 0G7', 6548931857, 8033274510, 'dmaytom1g@dailymotion.com', 'false', '359b6d6f83b531ed6f33aa03022f107a700b533ca4886f7bd5a5ea25eedd271a',x'4c93396f4d5f53c8d10ec15034c41797');
INSERT INTO `ga3w20`.`users` (`id`, `title`, `last_name`, `first_name`, `company_name`, `address1`, `address2`, `city`, `province_name`, `postal_code`, `home_telephoe`, `cellphone`, `email`, `is_manager`, `password_hash`, `salt`) VALUES (54, 'Mrs', 'Keelby', 'Hargreves', 'Gabspot', '96 Stang Park', '77 Scofield Terrace', 'Weyburn', 'Saskatchewan', 'C3G 3M8', 3219985173, 8393119390, 'khargreves1h@tuttocitta.it', 'false', '359b6d6f83b531ed6f33aa03022f107a700b533ca4886f7bd5a5ea25eedd271a',x'4c93396f4d5f53c8d10ec15034c41797');
INSERT INTO `ga3w20`.`users` (`id`, `title`, `last_name`, `first_name`, `company_name`, `address1`, `address2`, `city`, `province_name`, `postal_code`, `home_telephoe`, `cellphone`, `email`, `is_manager`, `password_hash`, `salt`) VALUES (55, 'Dr', 'Gerrard', 'de Keyser', 'Snaptags', '5574 Fulton Center', '28302 Tennessee Circle', 'Oxbow', 'Saskatchewan', 'K2K 0G3', 5543867514, 8906601335, 'gdekeyser1i@berkeley.edu', 'false', '359b6d6f83b531ed6f33aa03022f107a700b533ca4886f7bd5a5ea25eedd271a',x'4c93396f4d5f53c8d10ec15034c41797');
INSERT INTO `ga3w20`.`users` (`id`, `title`, `last_name`, `first_name`, `company_name`, `address1`, `address2`, `city`, `province_name`, `postal_code`, `home_telephoe`, `cellphone`, `email`, `is_manager`, `password_hash`, `salt`) VALUES (56, 'Rev', 'Lesly', 'Jarrold', 'Photobean', '007 Ludington Park', '03 6th Street', 'Deep River', 'Ontario', 'K0K 3G2', 1436533065, 5668632913, 'ljarrold1j@zdnet.com', 'false', '359b6d6f83b531ed6f33aa03022f107a700b533ca4886f7bd5a5ea25eedd271a',x'4c93396f4d5f53c8d10ec15034c41797');
INSERT INTO `ga3w20`.`users` (`id`, `title`, `last_name`, `first_name`, `company_name`, `address1`, `address2`, `city`, `province_name`, `postal_code`, `home_telephoe`, `cellphone`, `email`, `is_manager`, `password_hash`, `salt`) VALUES (57, 'Mrs', 'Piper', 'Birkett', 'Yabox', '98 Fordem Junction', '5 Russell Lane', 'Lamont', 'Alberta', 'K6K 0P2', 1765048540, 5341392639, 'pbirkett1k@usgs.gov', 'false', '359b6d6f83b531ed6f33aa03022f107a700b533ca4886f7bd5a5ea25eedd271a',x'4c93396f4d5f53c8d10ec15034c41797');
INSERT INTO `ga3w20`.`users` (`id`, `title`, `last_name`, `first_name`, `company_name`, `address1`, `address2`, `city`, `province_name`, `postal_code`, `home_telephoe`, `cellphone`, `email`, `is_manager`, `password_hash`, `salt`) VALUES (58, 'Mr', 'Elinor', 'Monday', 'Voonder', '051 Corscot Hill', '5440 Novick Crossing', 'Oxford', 'Nova Scotia', 'K5H 5C5', 9808373257, 5314095547, 'emonday1l@goodreads.com', 'false', '359b6d6f83b531ed6f33aa03022f107a700b533ca4886f7bd5a5ea25eedd271a',x'4c93396f4d5f53c8d10ec15034c41797');
INSERT INTO `ga3w20`.`users` (`id`, `title`, `last_name`, `first_name`, `company_name`, `address1`, `address2`, `city`, `province_name`, `postal_code`, `home_telephoe`, `cellphone`, `email`, `is_manager`, `password_hash`, `salt`) VALUES (59, 'Mr', 'Aime', 'Chester', 'Skidoo', '83 American Junction', '73 Ryan Point', 'Burns Lake', 'British Columbia', 'G3K 6H7', 9527468288, 1714373819, 'achester1m@nhs.uk', 'false', '359b6d6f83b531ed6f33aa03022f107a700b533ca4886f7bd5a5ea25eedd271a',x'4c93396f4d5f53c8d10ec15034c41797');
INSERT INTO `ga3w20`.`users` (`id`, `title`, `last_name`, `first_name`, `company_name`, `address1`, `address2`, `city`, `province_name`, `postal_code`, `home_telephoe`, `cellphone`, `email`, `is_manager`, `password_hash`, `salt`) VALUES (60, 'Honorable', 'Sapphira', 'Spiers', 'Tagfeed', '73 Farmco Crossing', '72692 Lyons Trail', 'Petawawa', 'Ontario', 'G9K 8P7', 5236515976, 2373091247, 'sspiers1n@squarespace.com', 'false', '359b6d6f83b531ed6f33aa03022f107a700b533ca4886f7bd5a5ea25eedd271a',x'4c93396f4d5f53c8d10ec15034c41797');
INSERT INTO `ga3w20`.`users` (`id`, `title`, `last_name`, `first_name`, `company_name`, `address1`, `address2`, `city`, `province_name`, `postal_code`, `home_telephoe`, `cellphone`, `email`, `is_manager`, `password_hash`, `salt`) VALUES (61, 'Honorable', 'Ronald', 'Delves', 'Lazz', '48093 Oneill Place', '85 Dunning Trail', 'Chester', 'Nova Scotia', 'H7K 4P3', 3165585995, 3182782032, 'rdelves1o@statcounter.com', 'false', '359b6d6f83b531ed6f33aa03022f107a700b533ca4886f7bd5a5ea25eedd271a',x'4c93396f4d5f53c8d10ec15034c41797');
INSERT INTO `ga3w20`.`users` (`id`, `title`, `last_name`, `first_name`, `company_name`, `address1`, `address2`, `city`, `province_name`, `postal_code`, `home_telephoe`, `cellphone`, `email`, `is_manager`, `password_hash`, `salt`) VALUES (62, 'Mrs', 'Fleur', 'Lifsey', 'Skyndu', '0 Northport Junction', '848 Golf Course Way', 'Harrison Brook', 'New Brunswick', 'C2K 3P6', 7887198733, 2916189134, 'flifsey1p@nhs.uk', 'false', '359b6d6f83b531ed6f33aa03022f107a700b533ca4886f7bd5a5ea25eedd271a',x'4c93396f4d5f53c8d10ec15034c41797');
INSERT INTO `ga3w20`.`users` (`id`, `title`, `last_name`, `first_name`, `company_name`, `address1`, `address2`, `city`, `province_name`, `postal_code`, `home_telephoe`, `cellphone`, `email`, `is_manager`, `password_hash`, `salt`) VALUES (63, 'Mr', 'Jyoti', 'Baldetti', 'Oyoyo', '83 Springview Park', '1497 Chinook Junction', 'Camlachie', 'Ontario', 'G4G 9P5', 7946848620, 5587942774, 'jbaldetti1q@studiopress.com', 'false', '359b6d6f83b531ed6f33aa03022f107a700b533ca4886f7bd5a5ea25eedd271a',x'4c93396f4d5f53c8d10ec15034c41797');
INSERT INTO `ga3w20`.`users` (`id`, `title`, `last_name`, `first_name`, `company_name`, `address1`, `address2`, `city`, `province_name`, `postal_code`, `home_telephoe`, `cellphone`, `email`, `is_manager`, `password_hash`, `salt`) VALUES (64, 'Mrs', 'Evania', 'Luquet', 'Flipbug', '20 Schurz Crossing', '072 Graceland Avenue', 'Lamont', 'Alberta', 'K0G 1N8', 3686620910, 8943157712, 'eluquet1r@simplemachines.org', 'false', '359b6d6f83b531ed6f33aa03022f107a700b533ca4886f7bd5a5ea25eedd271a',x'4c93396f4d5f53c8d10ec15034c41797');
INSERT INTO `ga3w20`.`users` (`id`, `title`, `last_name`, `first_name`, `company_name`, `address1`, `address2`, `city`, `province_name`, `postal_code`, `home_telephoe`, `cellphone`, `email`, `is_manager`, `password_hash`, `salt`) VALUES (65, 'Mr', 'Fanny', 'Harler', 'Eire', '55648 Lukken Alley', '434 Everett Park', 'Duncan', 'British Columbia', 'P8K 2G7', 6935019924, 5962593366, 'fharler1s@opensource.org', 'false', '359b6d6f83b531ed6f33aa03022f107a700b533ca4886f7bd5a5ea25eedd271a',x'4c93396f4d5f53c8d10ec15034c41797');
INSERT INTO `ga3w20`.`users` (`id`, `title`, `last_name`, `first_name`, `company_name`, `address1`, `address2`, `city`, `province_name`, `postal_code`, `home_telephoe`, `cellphone`, `email`, `is_manager`, `password_hash`, `salt`) VALUES (66, 'Rev', 'Tedda', 'Syphas', 'Skinder', '265 Sachtjen Road', '0 Talisman Plaza', 'Wolfville', 'Nova Scotia', 'K6K 3P9', 5364889764, 1612199240, 'tsyphas1t@storify.com', 'false', '359b6d6f83b531ed6f33aa03022f107a700b533ca4886f7bd5a5ea25eedd271a',x'4c93396f4d5f53c8d10ec15034c41797');
INSERT INTO `ga3w20`.`users` (`id`, `title`, `last_name`, `first_name`, `company_name`, `address1`, `address2`, `city`, `province_name`, `postal_code`, `home_telephoe`, `cellphone`, `email`, `is_manager`, `password_hash`, `salt`) VALUES (67, 'Rev', 'Creight', 'Vlasyuk', 'Realpoint', '89321 Elmside Center', '60 Redwing Center', 'Conception Bay South', 'Newfoundland and Labrador', 'P8K 7H8', 2394898092, 9609453725, 'cvlasyuk1u@blogtalkradio.com', 'false', '359b6d6f83b531ed6f33aa03022f107a700b533ca4886f7bd5a5ea25eedd271a',x'4c93396f4d5f53c8d10ec15034c41797');
INSERT INTO `ga3w20`.`users` (`id`, `title`, `last_name`, `first_name`, `company_name`, `address1`, `address2`, `city`, `province_name`, `postal_code`, `home_telephoe`, `cellphone`, `email`, `is_manager`, `password_hash`, `salt`) VALUES (68, 'Mr', 'Blake', 'Pellington', 'Livepath', '9222 Porter Hill', '01247 Gerald Junction', 'Chilliwack', 'British Columbia', 'K7J 3C7', 8405855148, 7757764393, 'bpellington1v@theglobeandmail.com', 'false', '359b6d6f83b531ed6f33aa03022f107a700b533ca4886f7bd5a5ea25eedd271a',x'4c93396f4d5f53c8d10ec15034c41797');
INSERT INTO `ga3w20`.`users` (`id`, `title`, `last_name`, `first_name`, `company_name`, `address1`, `address2`, `city`, `province_name`, `postal_code`, `home_telephoe`, `cellphone`, `email`, `is_manager`, `password_hash`, `salt`) VALUES (69, 'Mr', 'Dyane', 'Baltrushaitis', 'Wordify', '65379 Beilfuss Center', '736 Lighthouse Bay Crossing', 'Clarence-Rockland', 'Ontario', 'K3K 2G4', 7117564300, 2893274758, 'dbaltrushaitis1w@miibeian.gov.cn', 'false', '359b6d6f83b531ed6f33aa03022f107a700b533ca4886f7bd5a5ea25eedd271a',x'4c93396f4d5f53c8d10ec15034c41797');
INSERT INTO `ga3w20`.`users` (`id`, `title`, `last_name`, `first_name`, `company_name`, `address1`, `address2`, `city`, `province_name`, `postal_code`, `home_telephoe`, `cellphone`, `email`, `is_manager`, `password_hash`, `salt`) VALUES (70, 'Dr', 'Cross', 'Giggie', 'Roodel', '5922 Karstens Hill', '305 Karstens Plaza', 'Ingersoll', 'Ontario', 'K4P 1G5', 6367481660, 5559183433, 'cgiggie1x@auda.org.au', 'false', '359b6d6f83b531ed6f33aa03022f107a700b533ca4886f7bd5a5ea25eedd271a',x'4c93396f4d5f53c8d10ec15034c41797');
INSERT INTO `ga3w20`.`users` (`id`, `title`, `last_name`, `first_name`, `company_name`, `address1`, `address2`, `city`, `province_name`, `postal_code`, `home_telephoe`, `cellphone`, `email`, `is_manager`, `password_hash`, `salt`) VALUES (71, 'Mr', 'Micky', 'Abbatt', 'Skynoodle', '86 Daystar Way', '59843 Lindbergh Pass', 'Fox Creek', 'Alberta', 'P9J 7G3', 4691384826, 7715244030, 'mabbatt1y@example.com', 'false', '359b6d6f83b531ed6f33aa03022f107a700b533ca4886f7bd5a5ea25eedd271a',x'4c93396f4d5f53c8d10ec15034c41797');
INSERT INTO `ga3w20`.`users` (`id`, `title`, `last_name`, `first_name`, `company_name`, `address1`, `address2`, `city`, `province_name`, `postal_code`, `home_telephoe`, `cellphone`, `email`, `is_manager`, `password_hash`, `salt`) VALUES (72, 'Dr', 'Noreen', 'Creus', 'Skimia', '2 Merry Pass', '88843 Kinsman Way', 'Orillia', 'Ontario', 'K9P 2P5', 9525484886, 9634521294, 'ncreus1z@ucoz.com', 'false', '359b6d6f83b531ed6f33aa03022f107a700b533ca4886f7bd5a5ea25eedd271a',x'4c93396f4d5f53c8d10ec15034c41797');
INSERT INTO `ga3w20`.`users` (`id`, `title`, `last_name`, `first_name`, `company_name`, `address1`, `address2`, `city`, `province_name`, `postal_code`, `home_telephoe`, `cellphone`, `email`, `is_manager`, `password_hash`, `salt`) VALUES (73, 'Ms', 'Gustaf', 'Hunsworth', 'Dabvine', '44 Vermont Road', '1309 Hooker Alley', 'Calgary', 'Alberta', 'K6K 2G7', 9011793279, 6842184478, 'ghunsworth20@chicagotribune.com', 'false', '359b6d6f83b531ed6f33aa03022f107a700b533ca4886f7bd5a5ea25eedd271a',x'4c93396f4d5f53c8d10ec15034c41797');
INSERT INTO `ga3w20`.`users` (`id`, `title`, `last_name`, `first_name`, `company_name`, `address1`, `address2`, `city`, `province_name`, `postal_code`, `home_telephoe`, `cellphone`, `email`, `is_manager`, `password_hash`, `salt`) VALUES (74, 'Honorable', 'Mitchell', 'Airdrie', 'Reallinks', '6309 Anhalt Park', '7 Mayer Center', 'Hope', 'British Columbia', 'K2K 4P6', 4169452015, 2794650641, 'mairdrie21@sciencedirect.com', 'false', '359b6d6f83b531ed6f33aa03022f107a700b533ca4886f7bd5a5ea25eedd271a',x'4c93396f4d5f53c8d10ec15034c41797');
INSERT INTO `ga3w20`.`users` (`id`, `title`, `last_name`, `first_name`, `company_name`, `address1`, `address2`, `city`, `province_name`, `postal_code`, `home_telephoe`, `cellphone`, `email`, `is_manager`, `password_hash`, `salt`) VALUES (75, 'Dr', 'Ezechiel', 'Evamy', 'Brightbean', '4 Brentwood Park', '60899 Eagan Avenue', 'Walnut Grove', 'British Columbia', 'K9K 8P6', 8245409066, 9505075980, 'eevamy22@amazon.co.uk', 'false', '359b6d6f83b531ed6f33aa03022f107a700b533ca4886f7bd5a5ea25eedd271a',x'4c93396f4d5f53c8d10ec15034c41797');
INSERT INTO `ga3w20`.`users` (`id`, `title`, `last_name`, `first_name`, `company_name`, `address1`, `address2`, `city`, `province_name`, `postal_code`, `home_telephoe`, `cellphone`, `email`, `is_manager`, `password_hash`, `salt`) VALUES (76, 'Rev', 'Merry', 'Maciejewski', 'Divavu', '016 Old Shore Drive', '05 Gateway Hill', 'Barrhead', 'Alberta', 'K3C 0G9', 2655302666, 9183350329, 'mmaciejewski23@cbslocal.com', 'false', '359b6d6f83b531ed6f33aa03022f107a700b533ca4886f7bd5a5ea25eedd271a',x'4c93396f4d5f53c8d10ec15034c41797');
INSERT INTO `ga3w20`.`users` (`id`, `title`, `last_name`, `first_name`, `company_name`, `address1`, `address2`, `city`, `province_name`, `postal_code`, `home_telephoe`, `cellphone`, `email`, `is_manager`, `password_hash`, `salt`) VALUES (77, 'Honorable', 'Elyn', 'Hanby', 'Yozio', '66555 Dunning Trail', '22 8th Pass', 'Sparwood', 'British Columbia', 'P4C 7W9', 8765836267, 6515707554, 'ehanby24@hao123.com', 'false', '359b6d6f83b531ed6f33aa03022f107a700b533ca4886f7bd5a5ea25eedd271a',x'4c93396f4d5f53c8d10ec15034c41797');
INSERT INTO `ga3w20`.`users` (`id`, `title`, `last_name`, `first_name`, `company_name`, `address1`, `address2`, `city`, `province_name`, `postal_code`, `home_telephoe`, `cellphone`, `email`, `is_manager`, `password_hash`, `salt`) VALUES (78, 'Dr', 'Jaymee', 'Winterborne', 'Dynabox', '580 Scofield Center', '93 Maple Plaza', 'Carleton Place', 'Ontario', 'K5C 0C5', 6534589223, 5014077933, 'jwinterborne25@apache.org', 'false', '359b6d6f83b531ed6f33aa03022f107a700b533ca4886f7bd5a5ea25eedd271a',x'4c93396f4d5f53c8d10ec15034c41797');
INSERT INTO `ga3w20`.`users` (`id`, `title`, `last_name`, `first_name`, `company_name`, `address1`, `address2`, `city`, `province_name`, `postal_code`, `home_telephoe`, `cellphone`, `email`, `is_manager`, `password_hash`, `salt`) VALUES (79, 'Rev', 'Chancey', 'Oleszkiewicz', 'Ailane', '109 Lawn Trail', '08 Crownhardt Street', 'Whistler', 'British Columbia', 'G9K 6P3', 4507505473, 1767240405, 'coleszkiewicz26@netvibes.com', 'false', '359b6d6f83b531ed6f33aa03022f107a700b533ca4886f7bd5a5ea25eedd271a',x'4c93396f4d5f53c8d10ec15034c41797');
INSERT INTO `ga3w20`.`users` (`id`, `title`, `last_name`, `first_name`, `company_name`, `address1`, `address2`, `city`, `province_name`, `postal_code`, `home_telephoe`, `cellphone`, `email`, `is_manager`, `password_hash`, `salt`) VALUES (80, 'Mr', 'Lydon', 'Raisbeck', 'Meezzy', '01900 Pond Drive', '46782 Oriole Hill', 'Brant', 'Ontario', 'P7K 6P0', 5378859369, 6578232939, 'lraisbeck27@mashable.com', 'false', '359b6d6f83b531ed6f33aa03022f107a700b533ca4886f7bd5a5ea25eedd271a',x'4c93396f4d5f53c8d10ec15034c41797');
INSERT INTO `ga3w20`.`users` (`id`, `title`, `last_name`, `first_name`, `company_name`, `address1`, `address2`, `city`, `province_name`, `postal_code`, `home_telephoe`, `cellphone`, `email`, `is_manager`, `password_hash`, `salt`) VALUES (81, 'Ms', 'Rodd', 'Strike', 'Wordware', '276 Sachtjen Place', '8 Kenwood Street', 'Sussex', 'New Brunswick', 'K2K 5P7', 7615296066, 5367825198, 'rstrike28@ft.com', 'false', '359b6d6f83b531ed6f33aa03022f107a700b533ca4886f7bd5a5ea25eedd271a',x'4c93396f4d5f53c8d10ec15034c41797');
INSERT INTO `ga3w20`.`users` (`id`, `title`, `last_name`, `first_name`, `company_name`, `address1`, `address2`, `city`, `province_name`, `postal_code`, `home_telephoe`, `cellphone`, `email`, `is_manager`, `password_hash`, `salt`) VALUES (82, 'Mrs', 'Selene', 'Bomb', 'Katz', '7 Colorado Place', '961 Ruskin Trail', 'Fort Erie', 'Ontario', 'P7G 9H8', 3733257336, 4005433002, 'sbomb29@opensource.org', 'false', '359b6d6f83b531ed6f33aa03022f107a700b533ca4886f7bd5a5ea25eedd271a',x'4c93396f4d5f53c8d10ec15034c41797');
INSERT INTO `ga3w20`.`users` (`id`, `title`, `last_name`, `first_name`, `company_name`, `address1`, `address2`, `city`, `province_name`, `postal_code`, `home_telephoe`, `cellphone`, `email`, `is_manager`, `password_hash`, `salt`) VALUES (83, 'Mr', 'Blinny', 'Stobart', 'Vipe', '14 Drewry Hill', '17 Jenifer Alley', 'Lac La Biche', 'Alberta', 'K3K 4P8', 4845292254, 9082064292, 'bstobart2a@hugedomains.com', 'false', '359b6d6f83b531ed6f33aa03022f107a700b533ca4886f7bd5a5ea25eedd271a',x'4c93396f4d5f53c8d10ec15034c41797');
INSERT INTO `ga3w20`.`users` (`id`, `title`, `last_name`, `first_name`, `company_name`, `address1`, `address2`, `city`, `province_name`, `postal_code`, `home_telephoe`, `cellphone`, `email`, `is_manager`, `password_hash`, `salt`) VALUES (84, 'Mrs', 'Kale', 'Self', 'Voonder', '029 Grasskamp Junction', '85 Buena Vista Hill', 'Stettler', 'Alberta', 'P2G 3P2', 7495536815, 6332382098, 'kself2b@theglobeandmail.com', 'false', '359b6d6f83b531ed6f33aa03022f107a700b533ca4886f7bd5a5ea25eedd271a',x'4c93396f4d5f53c8d10ec15034c41797');
INSERT INTO `ga3w20`.`users` (`id`, `title`, `last_name`, `first_name`, `company_name`, `address1`, `address2`, `city`, `province_name`, `postal_code`, `home_telephoe`, `cellphone`, `email`, `is_manager`, `password_hash`, `salt`) VALUES (85, 'Mr', 'Lacie', 'Langdale', 'Kazio', '432 Ridge Oak Park', '87 Grasskamp Alley', 'Chilliwack', 'British Columbia', 'H1K 9P2', 3882416902, 8581586257, 'llangdale2c@patch.com', 'false', '359b6d6f83b531ed6f33aa03022f107a700b533ca4886f7bd5a5ea25eedd271a',x'4c93396f4d5f53c8d10ec15034c41797');
INSERT INTO `ga3w20`.`users` (`id`, `title`, `last_name`, `first_name`, `company_name`, `address1`, `address2`, `city`, `province_name`, `postal_code`, `home_telephoe`, `cellphone`, `email`, `is_manager`, `password_hash`, `salt`) VALUES (86, 'Mrs', 'Merna', 'Renyard', 'Innojam', '334 Dahle Point', '15 Longview Point', 'Fort Macleod', 'Alberta', 'K8K 6C0', 6582424602, 5615122258, 'mrenyard2d@msn.com', 'false', '359b6d6f83b531ed6f33aa03022f107a700b533ca4886f7bd5a5ea25eedd271a',x'4c93396f4d5f53c8d10ec15034c41797');
INSERT INTO `ga3w20`.`users` (`id`, `title`, `last_name`, `first_name`, `company_name`, `address1`, `address2`, `city`, `province_name`, `postal_code`, `home_telephoe`, `cellphone`, `email`, `is_manager`, `password_hash`, `salt`) VALUES (87, 'Dr', 'Jolie', 'McCloy', 'Zooveo', '39 Victoria Road', '514 Oak Court', 'Belfast', 'Prince Edward Island', 'G8K 1P3', 2995603160, 7935990165, 'jmccloy2e@usnews.com', 'false', '359b6d6f83b531ed6f33aa03022f107a700b533ca4886f7bd5a5ea25eedd271a',x'4c93396f4d5f53c8d10ec15034c41797');
INSERT INTO `ga3w20`.`users` (`id`, `title`, `last_name`, `first_name`, `company_name`, `address1`, `address2`, `city`, `province_name`, `postal_code`, `home_telephoe`, `cellphone`, `email`, `is_manager`, `password_hash`, `salt`) VALUES (88, 'Mr', 'Sonja', 'Vickerman', 'Jetwire', '061 Continental Center', '5381 Autumn Leaf Street', 'Pincher Creek', 'Alberta', 'K7K 4C7', 5553889108, 9499177327, 'svickerman2f@wunderground.com', 'false', '359b6d6f83b531ed6f33aa03022f107a700b533ca4886f7bd5a5ea25eedd271a',x'4c93396f4d5f53c8d10ec15034c41797');
INSERT INTO `ga3w20`.`users` (`id`, `title`, `last_name`, `first_name`, `company_name`, `address1`, `address2`, `city`, `province_name`, `postal_code`, `home_telephoe`, `cellphone`, `email`, `is_manager`, `password_hash`, `salt`) VALUES (89, 'Honorable', 'Noby', 'Seathwright', 'Thoughtbeat', '21954 Schmedeman Court', '835 Meadow Valley Pass', 'Cornwall', 'Prince Edward Island', 'K2H 2H9', 6999967246, 1428349758, 'nseathwright2g@360.cn', 'false', '359b6d6f83b531ed6f33aa03022f107a700b533ca4886f7bd5a5ea25eedd271a',x'4c93396f4d5f53c8d10ec15034c41797');
INSERT INTO `ga3w20`.`users` (`id`, `title`, `last_name`, `first_name`, `company_name`, `address1`, `address2`, `city`, `province_name`, `postal_code`, `home_telephoe`, `cellphone`, `email`, `is_manager`, `password_hash`, `salt`) VALUES (90, 'Mrs', 'Myrle', 'Philippeaux', 'Skinix', '545 Hanson Way', '97 Parkside Crossing', 'Fort Smith', 'Northwest Territories', 'P8P 3C5', 5566074747, 6157074850, 'mphilippeaux2h@timesonline.co.uk', 'false', '359b6d6f83b531ed6f33aa03022f107a700b533ca4886f7bd5a5ea25eedd271a',x'4c93396f4d5f53c8d10ec15034c41797');
INSERT INTO `ga3w20`.`users` (`id`, `title`, `last_name`, `first_name`, `company_name`, `address1`, `address2`, `city`, `province_name`, `postal_code`, `home_telephoe`, `cellphone`, `email`, `is_manager`, `password_hash`, `salt`) VALUES (91, 'Dr', 'Eran', 'Bjorkan', 'Yabox', '24 Lukken Center', '2 Holy Cross Junction', 'Princeton', 'British Columbia', 'K8K 0P6', 5006833385, 5586586160, 'ebjorkan2i@cbslocal.com', 'false', '359b6d6f83b531ed6f33aa03022f107a700b533ca4886f7bd5a5ea25eedd271a',x'4c93396f4d5f53c8d10ec15034c41797');
INSERT INTO `ga3w20`.`users` (`id`, `title`, `last_name`, `first_name`, `company_name`, `address1`, `address2`, `city`, `province_name`, `postal_code`, `home_telephoe`, `cellphone`, `email`, `is_manager`, `password_hash`, `salt`) VALUES (92, 'Ms', 'Hermie', 'Simonetto', 'Youfeed', '0792 South Circle', '6354 Amoth Plaza', 'Calmar', 'Alberta', 'G9P 1G6', 6522279585, 5964621322, 'hsimonetto2j@typepad.com', 'false', '359b6d6f83b531ed6f33aa03022f107a700b533ca4886f7bd5a5ea25eedd271a',x'4c93396f4d5f53c8d10ec15034c41797');
INSERT INTO `ga3w20`.`users` (`id`, `title`, `last_name`, `first_name`, `company_name`, `address1`, `address2`, `city`, `province_name`, `postal_code`, `home_telephoe`, `cellphone`, `email`, `is_manager`, `password_hash`, `salt`) VALUES (93, 'Ms', 'Denver', 'Astridge', 'Mynte', '34373 Grasskamp Lane', '1342 Muir Road', 'Oromocto', 'New Brunswick', 'P1P 6P6', 4241695965, 1546635730, 'dastridge2k@bluehost.com', 'false', '359b6d6f83b531ed6f33aa03022f107a700b533ca4886f7bd5a5ea25eedd271a',x'4c93396f4d5f53c8d10ec15034c41797');
INSERT INTO `ga3w20`.`users` (`id`, `title`, `last_name`, `first_name`, `company_name`, `address1`, `address2`, `city`, `province_name`, `postal_code`, `home_telephoe`, `cellphone`, `email`, `is_manager`, `password_hash`, `salt`) VALUES (94, 'Mrs', 'Midge', 'Boxall', 'Voolith', '08143 Westerfield Street', '8 Harper Lane', 'Unity', 'Saskatchewan', 'G5G 5P6', 2819638063, 3509906325, 'mboxall2l@utexas.edu', 'false', '359b6d6f83b531ed6f33aa03022f107a700b533ca4886f7bd5a5ea25eedd271a',x'4c93396f4d5f53c8d10ec15034c41797');
INSERT INTO `ga3w20`.`users` (`id`, `title`, `last_name`, `first_name`, `company_name`, `address1`, `address2`, `city`, `province_name`, `postal_code`, `home_telephoe`, `cellphone`, `email`, `is_manager`, `password_hash`, `salt`) VALUES (95, 'Dr', 'Hedvige', 'Gheerhaert', 'Shuffletag', '7947 Hovde Terrace', '108 Fordem Center', 'Saskatoon', 'Saskatchewan', 'H3P 9P1', 3274167521, 5689179531, 'hgheerhaert2m@instagram.com', 'false', '359b6d6f83b531ed6f33aa03022f107a700b533ca4886f7bd5a5ea25eedd271a',x'4c93396f4d5f53c8d10ec15034c41797');
INSERT INTO `ga3w20`.`users` (`id`, `title`, `last_name`, `first_name`, `company_name`, `address1`, `address2`, `city`, `province_name`, `postal_code`, `home_telephoe`, `cellphone`, `email`, `is_manager`, `password_hash`, `salt`) VALUES (96, 'Ms', 'Tyrone', 'Oddy', 'Muxo', '89538 Troy Avenue', '329 Del Sol Road', 'Nanaimo', 'British Columbia', 'P2K 0C0', 1344963342, 3912379516, 'toddy2n@adobe.com', 'false', '359b6d6f83b531ed6f33aa03022f107a700b533ca4886f7bd5a5ea25eedd271a',x'4c93396f4d5f53c8d10ec15034c41797');
INSERT INTO `ga3w20`.`users` (`id`, `title`, `last_name`, `first_name`, `company_name`, `address1`, `address2`, `city`, `province_name`, `postal_code`, `home_telephoe`, `cellphone`, `email`, `is_manager`, `password_hash`, `salt`) VALUES (97, 'Rev', 'Hermina', 'Cotte', 'Yacero', '6199 Service Parkway', '646 Glacier Hill Crossing', 'Coaldale', 'Alberta', 'K1K 8P0', 9857803905, 2729514789, 'hcotte2o@dagondesign.com', 'false', '359b6d6f83b531ed6f33aa03022f107a700b533ca4886f7bd5a5ea25eedd271a',x'4c93396f4d5f53c8d10ec15034c41797');
INSERT INTO `ga3w20`.`users` (`id`, `title`, `last_name`, `first_name`, `company_name`, `address1`, `address2`, `city`, `province_name`, `postal_code`, `home_telephoe`, `cellphone`, `email`, `is_manager`, `password_hash`, `salt`) VALUES (98, 'Mrs', 'Morissa', 'MacAughtrie', 'Jaloo', '42526 Golf View Street', '24827 Independence Place', 'Barrie', 'Ontario', 'P2K 4C4', 1948899485, 4796927648, 'mmacaughtrie2p@plala.or.jp', 'false', '359b6d6f83b531ed6f33aa03022f107a700b533ca4886f7bd5a5ea25eedd271a',x'4c93396f4d5f53c8d10ec15034c41797');
INSERT INTO `ga3w20`.`users` (`id`, `title`, `last_name`, `first_name`, `company_name`, `address1`, `address2`, `city`, `province_name`, `postal_code`, `home_telephoe`, `cellphone`, `email`, `is_manager`, `password_hash`, `salt`) VALUES (99, 'Rev', 'Lynda', 'Tanzer', 'Kwideo', '5 Portage Place', '3 Mallory Circle', 'Lethbridge', 'Alberta', 'K8G 2P6', 3391747242, 8501670592, 'ltanzer2q@freewebs.com', 'false', '359b6d6f83b531ed6f33aa03022f107a700b533ca4886f7bd5a5ea25eedd271a',x'4c93396f4d5f53c8d10ec15034c41797');
INSERT INTO `ga3w20`.`users` (`id`, `title`, `last_name`, `first_name`, `company_name`, `address1`, `address2`, `city`, `province_name`, `postal_code`, `home_telephoe`, `cellphone`, `email`, `is_manager`, `password_hash`, `salt`) VALUES (100, 'Rev', 'Hildy', 'Haddon', 'Twitterbeat', '28 Michigan Pass', '43 4th Street', 'Stettler', 'Alberta', 'K8K 2P6', 9296168644, 6454447924, 'hhaddon2r@army.mil', 'false', '359b6d6f83b531ed6f33aa03022f107a700b533ca4886f7bd5a5ea25eedd271a',x'4c93396f4d5f53c8d10ec15034c41797');
COMMIT;




-- -----------------------------------------------------
-- Data for table `ga3w20`.`reviews`
-- -----------------------------------------------------
START TRANSACTION; 

INSERT INTO `ga3w20`.`reviews` (`isbn`, `user_id`, `rating`, `review_text`, `date`, `is_approved`) VALUES ('9780739485811', 6, 1, 'Frances penultimate astronomer''s watchword''s', '2019-05-04 9:08:36', 'true');
INSERT INTO `ga3w20`.`reviews` (`isbn`, `user_id`, `rating`, `review_text`, `date`, `is_approved`) VALUES ('9780451119674', 25, 3, 'Willie unscrewed cervical dregs', '2019-06-03 9:00:12', 'true');
INSERT INTO `ga3w20`.`reviews` (`isbn`, `user_id`, `rating`, `review_text`, `date`, `is_approved`) VALUES ('9781619630345', 25, 4, 'Ingrid but taxed vetting', '2019-10-22 0:26:59', 'true');
INSERT INTO `ga3w20`.`reviews` (`isbn`, `user_id`, `rating`, `review_text`, `date`, `is_approved`) VALUES ('9780312924584', 2, 2, 'Deon bale get beech''s', '2019-06-28 16:40:08', 'true');
INSERT INTO `ga3w20`.`reviews` (`isbn`, `user_id`, `rating`, `review_text`, `date`, `is_approved`) VALUES ('9780451119674', 7, 4, 'Zoe bludgeon''s basements bin', '2019-04-26 19:50:36', 'true');
INSERT INTO `ga3w20`.`reviews` (`isbn`, `user_id`, `rating`, `review_text`, `date`, `is_approved`) VALUES ('9780765357151', 22, 4, 'Germaine and expenditure rye', '2019-11-17 23:26:45', 'true');
INSERT INTO `ga3w20`.`reviews` (`isbn`, `user_id`, `rating`, `review_text`, `date`, `is_approved`) VALUES ('9781497643079', 11, 3, 'Marylyn prohibition''s reincarnations God', '2019-03-29 11:58:19', 'true');
INSERT INTO `ga3w20`.`reviews` (`isbn`, `user_id`, `rating`, `review_text`, `date`, `is_approved`) VALUES ('9780771009433', 3, 1, 'Herman rejuvenation''s distinction playpen''s', '2019-06-30 19:35:15', 'true');
INSERT INTO `ga3w20`.`reviews` (`isbn`, `user_id`, `rating`, `review_text`, `date`, `is_approved`) VALUES ('9780062748775', 1, 2, 'Alverta moan who semiconductors', '2019-11-21 4:36:07', 'true');
INSERT INTO `ga3w20`.`reviews` (`isbn`, `user_id`, `rating`, `review_text`, `date`, `is_approved`) VALUES ('9780451119674', 41, 5, 'Angele clairvoyance''s nougats spontaneity''s', '2019-10-12 3:09:28', 'true');
INSERT INTO `ga3w20`.`reviews` (`isbn`, `user_id`, `rating`, `review_text`, `date`, `is_approved`) VALUES ('9780062748775', 7, 5, 'Vannesa predisposition intentionally slew''s', '2019-10-31 10:57:15', 'true');
INSERT INTO `ga3w20`.`reviews` (`isbn`, `user_id`, `rating`, `review_text`, `date`, `is_approved`) VALUES ('9780439023481', 22, 5, 'Dan historians statesmanship''s spared', '2019-05-07 11:30:03', 'true');
INSERT INTO `ga3w20`.`reviews` (`isbn`, `user_id`, `rating`, `review_text`, `date`, `is_approved`) VALUES ('9780062748775', 16, 1, 'Nydia improvisation''s readiness cancellation''s', '2019-09-16 13:27:17', 'true');
INSERT INTO `ga3w20`.`reviews` (`isbn`, `user_id`, `rating`, `review_text`, `date`, `is_approved`) VALUES ('9780439023481', 20, 3, 'Christie reimbursements cockroach''s newsletter', '2019-11-01 20:24:01', 'true');
INSERT INTO `ga3w20`.`reviews` (`isbn`, `user_id`, `rating`, `review_text`, `date`, `is_approved`) VALUES ('9780771009433', 28, 2, 'Quincy ad''s quarterbacking rod', '2019-07-21 4:53:38', 'true');
INSERT INTO `ga3w20`.`reviews` (`isbn`, `user_id`, `rating`, `review_text`, `date`, `is_approved`) VALUES ('9781935429012', 45, 3, 'Mario ohms brilliants multiplications', '2019-08-19 22:37:24', 'true');
INSERT INTO `ga3w20`.`reviews` (`isbn`, `user_id`, `rating`, `review_text`, `date`, `is_approved`) VALUES ('9781497643079', 13, 2, 'Marcellus misapprehension uneconomical incantations', '2019-04-12 2:28:01', 'true');
INSERT INTO `ga3w20`.`reviews` (`isbn`, `user_id`, `rating`, `review_text`, `date`, `is_approved`) VALUES ('9780771009433', 35, 3, 'Michael counterbalances knowledgeable significance''s', '2019-06-05 8:15:14', 'true');
INSERT INTO `ga3w20`.`reviews` (`isbn`, `user_id`, `rating`, `review_text`, `date`, `is_approved`) VALUES ('9781524759780', 45, 4, 'Kenna republic''s rehabilitation faithfulness''s', '2019-05-28 20:12:50', 'true');
INSERT INTO `ga3w20`.`reviews` (`isbn`, `user_id`, `rating`, `review_text`, `date`, `is_approved`) VALUES ('9780553103540', 47, 3, 'Hellen newbie lifeguards concurrently', '2019-04-27 13:06:51', 'true');
INSERT INTO `ga3w20`.`reviews` (`isbn`, `user_id`, `rating`, `review_text`, `date`, `is_approved`) VALUES ('9780312355296', 36, 4, 'Johnie menstruation''s knob inconsequential', '2019-02-16 14:50:16', 'true');
INSERT INTO `ga3w20`.`reviews` (`isbn`, `user_id`, `rating`, `review_text`, `date`, `is_approved`) VALUES ('9780771009433', 39, 1, 'Roderick agricultural barters heed''s', '2019-11-30 12:09:42', 'true');
INSERT INTO `ga3w20`.`reviews` (`isbn`, `user_id`, `rating`, `review_text`, `date`, `is_approved`) VALUES ('9780141036144', 21, 1, 'Wilfredo mushroom''s rod midnight', '2019-11-13 6:56:43', 'true');
INSERT INTO `ga3w20`.`reviews` (`isbn`, `user_id`, `rating`, `review_text`, `date`, `is_approved`) VALUES ('9780062748775', 32, 3, 'Alison splintering skin applicable', '2019-10-14 15:24:21', 'true');
INSERT INTO `ga3w20`.`reviews` (`isbn`, `user_id`, `rating`, `review_text`, `date`, `is_approved`) VALUES ('9781619630345', 36, 3, 'Suanne tin saints pharmacist''s', '2019-12-19 17:33:47', 'true');
INSERT INTO `ga3w20`.`reviews` (`isbn`, `user_id`, `rating`, `review_text`, `date`, `is_approved`) VALUES ('9781935429012', 27, 1, 'Josue sprout deterioration''s acknowledgment', '2019-05-07 16:10:55', 'true');
INSERT INTO `ga3w20`.`reviews` (`isbn`, `user_id`, `rating`, `review_text`, `date`, `is_approved`) VALUES ('9780553103540', 8, 5, 'Myesha clearer signified met', '2019-02-20 9:33:07', 'true');
INSERT INTO `ga3w20`.`reviews` (`isbn`, `user_id`, `rating`, `review_text`, `date`, `is_approved`) VALUES ('9781619630345', 36, 3, 'Anita autocracy finickiest let''s', '2019-12-25 15:19:33', 'true');
INSERT INTO `ga3w20`.`reviews` (`isbn`, `user_id`, `rating`, `review_text`, `date`, `is_approved`) VALUES ('9780425172902', 20, 4, 'Carissa dry tablet''s serious', '2019-03-22 0:55:19', 'true');
INSERT INTO `ga3w20`.`reviews` (`isbn`, `user_id`, `rating`, `review_text`, `date`, `is_approved`) VALUES ('9780307277671', 41, 3, 'Terry diagnosis were undergoing', '2019-07-28 11:26:58', 'true');
INSERT INTO `ga3w20`.`reviews` (`isbn`, `user_id`, `rating`, `review_text`, `date`, `is_approved`) VALUES ('9780425172902', 49, 5, 'Brandi wined restlessness''s paw', '2019-11-09 10:45:01', 'true');
INSERT INTO `ga3w20`.`reviews` (`isbn`, `user_id`, `rating`, `review_text`, `date`, `is_approved`) VALUES ('9781443423656', 6, 4, 'Thora expanse''s change''s owl''s', '2019-12-13 9:30:44', 'true');
INSERT INTO `ga3w20`.`reviews` (`isbn`, `user_id`, `rating`, `review_text`, `date`, `is_approved`) VALUES ('9781416975861', 1, 1, 'Gregory devilled pirating slick''s', '2019-06-14 21:16:14', 'true');
INSERT INTO `ga3w20`.`reviews` (`isbn`, `user_id`, `rating`, `review_text`, `date`, `is_approved`) VALUES ('9780752224411', 48, 1, 'Carmen amnestied everybody''s constitutionals', '2019-03-31 20:01:31', 'true');
INSERT INTO `ga3w20`.`reviews` (`isbn`, `user_id`, `rating`, `review_text`, `date`, `is_approved`) VALUES ('9780765342980', 9, 2, 'Altha she ploughs professional''s', '2019-03-22 9:21:34', 'true');
INSERT INTO `ga3w20`.`reviews` (`isbn`, `user_id`, `rating`, `review_text`, `date`, `is_approved`) VALUES ('9781250211101', 3, 2, 'Sharonda troll tantalized dispensaries', '2019-11-05 20:47:31', 'true');
INSERT INTO `ga3w20`.`reviews` (`isbn`, `user_id`, `rating`, `review_text`, `date`, `is_approved`) VALUES ('9780553103540', 47, 4, 'Adam penthouse''s teepee''s infinitesimal''s', '2019-11-11 4:16:46', 'true');
INSERT INTO `ga3w20`.`reviews` (`isbn`, `user_id`, `rating`, `review_text`, `date`, `is_approved`) VALUES ('9780553103540', 18, 3, 'Cuc commercializing impossibility''s contortion''s', '2019-05-18 9:15:49', 'true');
INSERT INTO `ga3w20`.`reviews` (`isbn`, `user_id`, `rating`, `review_text`, `date`, `is_approved`) VALUES ('9781250211101', 44, 5, 'Janee jamborees birthmark embryo''s', '2019-07-14 17:49:31', 'true');
INSERT INTO `ga3w20`.`reviews` (`isbn`, `user_id`, `rating`, `review_text`, `date`, `is_approved`) VALUES ('9780765342980', 23, 2, 'Leonora walnut''s dealing''s moonlights', '2019-04-10 14:21:53', 'true');
INSERT INTO `ga3w20`.`reviews` (`isbn`, `user_id`, `rating`, `review_text`, `date`, `is_approved`) VALUES ('9781478006688', 23, 4, 'Alan instals ham comprehensive''s', '2019-09-18 4:02:24', 'true');
INSERT INTO `ga3w20`.`reviews` (`isbn`, `user_id`, `rating`, `review_text`, `date`, `is_approved`) VALUES ('9780618346257', 5, 4, 'Kirk approximation''s semiconductors unlikelier', '2019-03-13 12:27:18', 'true');
INSERT INTO `ga3w20`.`reviews` (`isbn`, `user_id`, `rating`, `review_text`, `date`, `is_approved`) VALUES ('9781619760530', 6, 3, 'Florencio domiciles par preconceptions', '2019-04-15 5:39:38', 'true');
INSERT INTO `ga3w20`.`reviews` (`isbn`, `user_id`, `rating`, `review_text`, `date`, `is_approved`) VALUES ('9781524759780', 31, 2, 'Ricky unintentionally idiosyncrasies burro''s', '2019-01-30 3:46:53', 'true');
INSERT INTO `ga3w20`.`reviews` (`isbn`, `user_id`, `rating`, `review_text`, `date`, `is_approved`) VALUES ('9780618346257', 30, 4, 'Raleigh statistician polarization''s ail', '2019-04-08 2:55:27', 'true');
INSERT INTO `ga3w20`.`reviews` (`isbn`, `user_id`, `rating`, `review_text`, `date`, `is_approved`) VALUES ('9781478006688', 40, 3, 'Arron amphitheater bug extracurricular', '2019-06-05 17:44:28', 'true');
INSERT INTO `ga3w20`.`reviews` (`isbn`, `user_id`, `rating`, `review_text`, `date`, `is_approved`) VALUES ('9780141036144', 10, 3, 'Milan semesters ratification''s vindictive', '2019-05-19 6:18:02', 'true');
INSERT INTO `ga3w20`.`reviews` (`isbn`, `user_id`, `rating`, `review_text`, `date`, `is_approved`) VALUES ('9780752224411', 11, 2, 'Pearl epithet''s toll gibe', '2019-05-28 4:09:02', 'true');
INSERT INTO `ga3w20`.`reviews` (`isbn`, `user_id`, `rating`, `review_text`, `date`, `is_approved`) VALUES ('9781619760530', 43, 1, 'Chanelle wallop''s films intern''s', '2019-11-21 6:37:12', 'true');
INSERT INTO `ga3w20`.`reviews` (`isbn`, `user_id`, `rating`, `review_text`, `date`, `is_approved`) VALUES ('9781416975861', 46, 3, 'Dana abandonment''s avoids mountaineers', '2019-07-11 5:54:51', 'true');

INSERT INTO `ga3w20`.`reviews` (`isbn`, `user_id`, `rating`, `review_text`, `date`, `is_approved`) VALUES ('9780307887436', 27, 4, 'So if you go on Goodreads you will see a bunch of people bashing the book. I dont know why thougt.It was really good. Wade Watts (aka Parzival) and the whole "hunt" was a really good idea. Not perfect though so 4 out of 5 stars!', '2020-03-09 18:54:51', 'true');
INSERT INTO `ga3w20`.`reviews` (`isbn`, `user_id`, `rating`, `review_text`, `date`, `is_approved`) VALUES ('9780307887436', 24, 5, 'Well read and the voice seems to fit the character well', '2020-02-08 18:54:51', 'true');
INSERT INTO `ga3w20`.`reviews` (`isbn`, `user_id`, `rating`, `review_text`, `date`, `is_approved`) VALUES ('9780307887436', 42, 4, 'I would have given this book 5 stars if it weren''t for a bit too much immature content (teenage humour, sexual content, etc.) for my taste. That might make me an old prude, but I bear that badge proudly.', '2020-02-07 18:54:51', 'true');
INSERT INTO `ga3w20`.`reviews` (`isbn`, `user_id`, `rating`, `review_text`, `date`, `is_approved`) VALUES ('9780553448146', 26, 2, 'Loved the Martian - I read it in the early days when it was about $2 on amazon. And thought it was great to see it emerge in hardcover, and then the movie...so what happened? I give Artemis a generous two stars.', '2017-11-11 18:54:51', 'true');
INSERT INTO `ga3w20`.`reviews` (`isbn`, `user_id`, `rating`, `review_text`, `date`, `is_approved`) VALUES ('9780553448146', 8, 4, 'To be clear up front, Andy Weir is not a great writer. Heck, he might not even be a good writer. His characters blend together, dialogue is so-so, prose gets the job done but nothing special. These flaws are more apparent here than they were in the Martian (weir’s debut novel)', '2017-11-27 5:54:51', 'true');
INSERT INTO `ga3w20`.`reviews` (`isbn`, `user_id`, `rating`, `review_text`, `date`, `is_approved`) VALUES ('9780553448146', 96, 3, 'Andy took his lifelong passion and wrote the Martian, a book I read early on and passed to many people with great enthusiasm. I''ve read it, oh, 10 times and skimmed it many more just when I feel like revelling in the sheer excellence and originality of the work. Needless to say, a huge fan.', '2018-01-03 5:54:51', 'true');
INSERT INTO `ga3w20`.`reviews` (`isbn`, `user_id`, `rating`, `review_text`, `date`, `is_approved`) VALUES ('9780804137270', 55, 3, 'I wanted to love this novel as much as I loved Ready Player One, I waited months to before ready Armada to temper my expectations. Unfortunately even my lowered expectations were not satisfied.', '2018-01-29 18:54:51', 'true');
INSERT INTO `ga3w20`.`reviews` (`isbn`, `user_id`, `rating`, `review_text`, `date`, `is_approved`) VALUES ('9780804137270', 90, 5, 'Part Ender''s Game, part Last Starfighter. And lots of little nerdy references from movies, books, and video games all throughout.', '2015-07-19 18:54:51', 'true');
INSERT INTO `ga3w20`.`reviews` (`isbn`, `user_id`, `rating`, `review_text`, `date`, `is_approved`) VALUES ('9780804137270', 4, 5, 'While I''m only 8 Chapters in, I am not a big reader and I''m already 8 Chapters in. This book is hard to put down and brings you right into the book! Looking forward to finishing this book up real quick!', '2020-01-26 18:54:51', 'true');
INSERT INTO `ga3w20`.`reviews` (`isbn`, `user_id`, `rating`, `review_text`, `date`, `is_approved`) VALUES ('9781529034523', 4, 3, 'I know its a classic and everything but I didnt really like it I guess absurd comedy just isnt my thing i found things not to make sense and didnt get into a sense of adventure really was a little bit disappointing sorry', '2019-03-12 18:54:51', 'true');
INSERT INTO `ga3w20`.`reviews` (`isbn`, `user_id`, `rating`, `review_text`, `date`, `is_approved`) VALUES ('9781529034523', 69, 5, 'Fourth time reading this most excellent book! Humour, humanity, and an unerring ability to keep you saying ''that''s so true '', make this a book that you just can''t put down. Once you''ve read it, you''ll just gave to carry on with the other four books.', '2018-09-25 18:54:51', 'true');
INSERT INTO `ga3w20`.`reviews` (`isbn`, `user_id`, `rating`, `review_text`, `date`, `is_approved`) VALUES ('9781529034523', 32, 5, 'Love this book, read it some time ago. Decided to buy a copy for my best friend and myself since we loved the movie, and it''s a good memory for the both of us(lots of laughs) figured it would be a nice keepsake for him.', '2019-12-20 18:54:51', 'true');
INSERT INTO `ga3w20`.`reviews` (`isbn`, `user_id`, `rating`, `review_text`, `date`, `is_approved`) VALUES ('9780441783588', 64, 5, 'The first movie was playing on the week I received the book and after watching Starship Troopers and reading the book that inspired the movies I must say that I am disappointed because the book is a thousand times better than the films.', '2016-06-14 18:54:51', 'true');
INSERT INTO `ga3w20`.`reviews` (`isbn`, `user_id`, `rating`, `review_text`, `date`, `is_approved`) VALUES ('9780441783588', 86, 5, 'An amazingly well written book that stands up over the years. The original version of starship troopers is so much more than its big screen counter part. Dwelling into morals and political society starship troopers offers a view of society as a whole.', '2016-09-26 18:54:51', 'true');
INSERT INTO `ga3w20`.`reviews` (`isbn`, `user_id`, `rating`, `review_text`, `date`, `is_approved`) VALUES ('9780441783588', 91, 5, 'The moment I finished this book, I told my boyfriend that I had wished I had read this book in an English class in high school. The philosophical ideas conveyed, the military life style in a realistic and positive light, and a different political system that criticizes our own makes it a book necessary to really get a person thinking and seeing war, democracy, and citizenship in a different light.', '2016-01-22 18:54:51', 'true');
INSERT INTO `ga3w20`.`reviews` (`isbn`, `user_id`, `rating`, `review_text`, `date`, `is_approved`) VALUES ('9781443423656', 49, 5, 'Matt Haig has written a story that is unique, quirky, surprising, funny, heartwarming, and even a bit terrifying at times. All together, it was simply wonderful. An alien inside a human body, sent to kill the family of the body’s previous owner, told from the first person point of view of the alien.', '2017-04-18 18:54:51', 'true');
INSERT INTO `ga3w20`.`reviews` (`isbn`, `user_id`, `rating`, `review_text`, `date`, `is_approved`) VALUES ('9781443423656', 55, 5, 'It is a light but twisty read from the perspective of someone who has been dropped into a new surrounding/world and how they work through it. The plan quickly changes when he figures out humans are not as bad as he was told.Sounds like real life?? Hmmmmm. I enjoyed this book because it was different and I will definitely read more of Matt Haig''s work.', '2017-06-06 18:54:51', 'true');
INSERT INTO `ga3w20`.`reviews` (`isbn`, `user_id`, `rating`, `review_text`, `date`, `is_approved`) VALUES ('9781443423656', 87, 5, 'Can''t remember where I saw a recommendation to read it... In any case I am profoundly glad I did read it. The writing is friendly and easy to digest, but the ideas and sentiments are expressed in a way that drives them into your soul. This one goes into the "keep forever" shelf to be reread and recharge me whenever I find myself overcome by the crap generated by our disposable and empty society.', '2016-06-05 18:54:51', 'true');
INSERT INTO `ga3w20`.`reviews` (`isbn`, `user_id`, `rating`, `review_text`, `date`, `is_approved`) VALUES ('9780451457998', 64, 5, 'This book was originally published in 1968. I vaguely remember seeing the movie decades ago. Recently, while looking for something to read outside of my normal “thriller” genre, I saw 2001. For some reason I decided to buy, and wow, was I impressed. You would never know this book was written 52 years ago. It never gets into any intense, edge of your chair type of action, but it somehow maintains a constant pull on your attention, and near the end, it becomes consuming. I really liked this story a lot.', '2020-03-01 18:54:51', 'true');
INSERT INTO `ga3w20`.`reviews` (`isbn`, `user_id`, `rating`, `review_text`, `date`, `is_approved`) VALUES ('9780451457998', 66, 4, 'I saw the movie when I was quite young, and I remember being very confused by the entire storyline. Not long ago, I decided to re-watch it with my own son - and we both were confused (me again). A colleague of mine heartily recommended I read Clarke''s novel in order to gain clarity, and that''s exactly what happened. If you''ve never seen the movie, this is a very good SF novel. If you''ve seen the movie and are awash in confusion, read the book and life will become better for you. All things come together.', '2016-11-11 18:54:51', 'true');
INSERT INTO `ga3w20`.`reviews` (`isbn`, `user_id`, `rating`, `review_text`, `date`, `is_approved`) VALUES ('9780451457998', 76, 4, 'After I''d read the book I was researching it was discovered that is was written while the film was being filmed and was worked on by both Kubrick and Arthur C. Clarke.', '2014-05-25 18:54:51', 'true');
INSERT INTO `ga3w20`.`reviews` (`isbn`, `user_id`, `rating`, `review_text`, `date`, `is_approved`) VALUES ('9781408855652', 22, 5, 'The first story where the world meets Harry Potter. This was the 3rd time reading the story after many years. ', '2018-08-07 18:54:51', 'true');
INSERT INTO `ga3w20`.`reviews` (`isbn`, `user_id`, `rating`, `review_text`, `date`, `is_approved`) VALUES ('9781408855652', 85, 4, 'The book that introduced us all to the wonders that is Harry Potter. It''s a wonderful story that just absorbs you into a world that we could only dream of being a part of. ', '2017-10-17 18:54:51', 'true');
INSERT INTO `ga3w20`.`reviews` (`isbn`, `user_id`, `rating`, `review_text`, `date`, `is_approved`) VALUES ('9781408855652', 23, 5, 'An enchanting story for children and adults alike. Smart and witty. Plenty of adventures, but the same time emphasizing the importance of responsibility, friendship and power of love. It''s a book you come back to to discover new facets each time.', '2018-06-07 18:54:51', 'true');
INSERT INTO `ga3w20`.`reviews` (`isbn`, `user_id`, `rating`, `review_text`, `date`, `is_approved`) VALUES ('9780553381689', 34, 4, 'Big fan of GoT. Read the books many times. The voices are sometimes a little strange (trying to come up with voices for so many characters would be difficult). ', '2015-06-13 18:54:51', 'true');
INSERT INTO `ga3w20`.`reviews` (`isbn`, `user_id`, `rating`, `review_text`, `date`, `is_approved`) VALUES ('9780553381689', 7, 5, 'Martin has created a beautiful world in A Game of Thrones. There are hidden valleys, open plains and castles built into mountains. All of the scenery is wonderfully described.', '2011-10-20 18:54:51', 'true');
INSERT INTO `ga3w20`.`reviews` (`isbn`, `user_id`, `rating`, `review_text`, `date`, `is_approved`) VALUES ('9780756404741', 30, 5, 'This is a great series. I read The Name of the Wind and then The Wise Man''s Fear back-to-back. Having plowed through all of George Martin with similar enthusiasm, I enjoyed the more straightforward plot line. ', '2017-03-11 18:54:51', 'true');
INSERT INTO `ga3w20`.`reviews` (`isbn`, `user_id`, `rating`, `review_text`, `date`, `is_approved`) VALUES ('9780756404741', 43, 4, 'An interesting introduction to the story of Kvothe. I wish I had made this review prior to reading the second installment of this series, as that has somewhat soured my perspective. The Name of the Wind is an impressive novel; Patrick Rothfuss knows how to maintain your attention while artfully progressing his story, with only some hiccups here and there.', '2018-04-06 18:54:51', 'true');
INSERT INTO `ga3w20`.`reviews` (`isbn`, `user_id`, `rating`, `review_text`, `date`, `is_approved`) VALUES ('9780756404741', 13, 3, 'I thought this was going to be my new favourite writer. Rothfuss has a brilliant way with words and paints wonderful scenes. ', '2019-05-22 18:54:51', 'true');
INSERT INTO `ga3w20`.`reviews` (`isbn`, `user_id`, `rating`, `review_text`, `date`, `is_approved`) VALUES ('9780765365279', 59, 2, 'This author comes highly recommended, so I decided to check out his well-received series. I say that to point out that my thoughts probably don''t align with popular opinion. ', '2019-02-17 18:54:51', 'true');
INSERT INTO `ga3w20`.`reviews` (`isbn`, `user_id`, `rating`, `review_text`, `date`, `is_approved`) VALUES ('9780765365279', 33, 5, 'I''m not going to go into the specifics of plot or characters or anything because this book is too dense to really get into it all... just know, I rarely ever get "hooked" on books. ', '2019-08-12 18:54:51', 'true');
INSERT INTO `ga3w20`.`reviews` (`isbn`, `user_id`, `rating`, `review_text`, `date`, `is_approved`) VALUES ('9780765365279', 67, 4, 'Brandon Sanderson is easily the best writer I''ve read in ages...maybe ever. He is a master of creating worlds and characters who are both unique, and realistic and dimensional.', '2019-07-13 18:54:51', 'true');
INSERT INTO `ga3w20`.`reviews` (`isbn`, `user_id`, `rating`, `review_text`, `date`, `is_approved`) VALUES ('9781481465588', 2, 5, 'It is a magical thing to read these in order, all at once. ', '2018-12-20 18:54:51', 'true');
INSERT INTO `ga3w20`.`reviews` (`isbn`, `user_id`, `rating`, `review_text`, `date`, `is_approved`) VALUES ('9780553573398', 26, 2, 'I made it halfway into book three, yes, book three, hoping something cool or interesting would happen.', '2018-04-03 18:54:51', 'true');
INSERT INTO `ga3w20`.`reviews` (`isbn`, `user_id`, `rating`, `review_text`, `date`, `is_approved`) VALUES ('9780575079755', 19, 5, 'I was so bored my mind started wandering, then I had to re-read what was boring me in case I missed something. I even read two other books during this period just to clear my mind.', '2014-09-08 18:54:51', 'true');
INSERT INTO `ga3w20`.`reviews` (`isbn`, `user_id`, `rating`, `review_text`, `date`, `is_approved`) VALUES ('9780141325491', 76, 4, 'Rick Riordan revisits the world of Percy Jackson and the Olympians in "The Lost Hero," first in a new YA series set in that milieu.', '2011-01-22 18:54:51', 'true');
INSERT INTO `ga3w20`.`reviews` (`isbn`, `user_id`, `rating`, `review_text`, `date`, `is_approved`) VALUES ('9780316038638', 80, 4, 'From my perspective as a teacher, the story is excellent, taps into recognisable Chinese folklore, and offers very short chapters.', '2016-09-22 18:54:51', 'true');
INSERT INTO `ga3w20`.`reviews` (`isbn`, `user_id`, `rating`, `review_text`, `date`, `is_approved`) VALUES ('9780062310644', 73, 3, 'It was ok. I liked the story but the writing was a little predictable and there were a lot of times when the author made amateurish comments in Mare''s inner dialogue. ', '2019-04-04 18:54:51', 'true');
INSERT INTO `ga3w20`.`reviews` (`isbn`, `user_id`, `rating`, `review_text`, `date`, `is_approved`) VALUES ('9780547258300', 24, 5, 'When I first read this book I was a bit unsettled by the main character. And as I got older, I realised it was because she reminded me of myself.', '2018-01-13 18:54:51', 'true');
INSERT INTO `ga3w20`.`reviews` (`isbn`, `user_id`, `rating`, `review_text`, `date`, `is_approved`) VALUES ('9780316134026', 1, 5, 'This is one of the most well-written, creative & awe-inspiring books I have ever had the privilege of reading. ', '2018-07-02 18:54:51', 'true');
INSERT INTO `ga3w20`.`reviews` (`isbn`, `user_id`, `rating`, `review_text`, `date`, `is_approved`) VALUES ('9781595148049', 11, 2, 'I’ve been avoiding writing this review for a while as this was one of the bigger (reading) disappointments of this year. I was looking forward to a fantasy which had meaningful difference or world building which was more diverse. ', '2019-08-11 18:54:51', 'true');
INSERT INTO `ga3w20`.`reviews` (`isbn`, `user_id`, `rating`, `review_text`, `date`, `is_approved`) VALUES ('9780399171611', 44, 4, 'What a fantastic read to get lost in! I really enjoyed the Middle Eastern setting which came all the more alive through Renee Adhieh''s writing.', '2019-02-09 18:54:51', 'true');
INSERT INTO `ga3w20`.`reviews` (`isbn`, `user_id`, `rating`, `review_text`, `date`, `is_approved`) VALUES ('9780761463276', 56, 4, 'I''m still in a bit of a state of shock. That was a really good story. ', '2015-03-01 18:54:51', 'true');
INSERT INTO `ga3w20`.`reviews` (`isbn`, `user_id`, `rating`, `review_text`, `date`, `is_approved`) VALUES ('9780316229296', 58, 5, 'I read this in a day and a half. I read while cooking dinner (be careful folks!).', '2017-03-22 18:54:51', 'true');
INSERT INTO `ga3w20`.`reviews` (`isbn`, `user_id`, `rating`, `review_text`, `date`, `is_approved`) VALUES ('9781250295446', 43, 5, 'Trigger warning: there’s a suggestion of could-have-happened sexual assault. Essentially a guard threatens this.', '2018-06-17 18:54:51', 'true');
INSERT INTO `ga3w20`.`reviews` (`isbn`, `user_id`, `rating`, `review_text`, `date`, `is_approved`) VALUES ('9780345538987', 25, 4, 'I admire this work for exciting an entire generation of scientists and children about our planet’s heritage. However I’m worried that the ideology professed here also kindled a movement so afraid of scientific advance that it hindered medical progress and thereby empowered alternative cons.', '2018-11-07 18:54:51', 'true');
INSERT INTO `ga3w20`.`reviews` (`isbn`, `user_id`, `rating`, `review_text`, `date`, `is_approved`) VALUES ('9780618260300', 51, 5, 'Although I have read The Hobbit a billion times over, and I already have a hard copy, I needed this book. ', '2018-10-14 18:54:51', 'true');
INSERT INTO `ga3w20`.`reviews` (`isbn`, `user_id`, `rating`, `review_text`, `date`, `is_approved`) VALUES ('9780307949486', 81, 5, 'I read this in a day and a half. I read while cooking dinner (be careful folks!).', '2019-07-11 18:54:51', 'true');
INSERT INTO `ga3w20`.`reviews` (`isbn`, `user_id`, `rating`, `review_text`, `date`, `is_approved`) VALUES ('9780752864327', 24, 5, 'Well, Jason, Delta, Cain, they all the same but not. What a thrilling story about a man wanting just to find out who he is. ', '2018-02-22 18:54:51', 'true');
INSERT INTO `ga3w20`.`reviews` (`isbn`, `user_id`, `rating`, `review_text`, `date`, `is_approved`) VALUES ('9780140449266', 10, 3, 'Unfortunately the quality is not as good as I expected. The front cover has some sort of a mark on it (looks like something got compressed against the book while the masks were being pressed onto the cover). ', '2020-02-02 18:54:51', 'true');
INSERT INTO `ga3w20`.`reviews` (`isbn`, `user_id`, `rating`, `review_text`, `date`, `is_approved`) VALUES ('9780439023498', 34, 5, 'Many people may have negative things to say about the last book in this series, but I thought it was brilliant. I have to admit, the first time I read it, I was left a little sad, I felt like I needed more closure. ', '2013-07-06 18:54:51', 'true');
INSERT INTO `ga3w20`.`reviews` (`isbn`, `user_id`, `rating`, `review_text`, `date`, `is_approved`) VALUES ('9780547928197', 70, 4, 'Great thank you. Very small print!', '2018-04-04 18:54:51', 'true');
INSERT INTO `ga3w20`.`reviews` (`isbn`, `user_id`, `rating`, `review_text`, `date`, `is_approved`) VALUES ('9780439023511', 21, 5, 'I''m still in a bit of a state of shock. That was a really good story. ', '2013-07-11 18:54:51', 'true');
INSERT INTO `ga3w20`.`reviews` (`isbn`, `user_id`, `rating`, `review_text`, `date`, `is_approved`) VALUES ('9781505234725', 53, 3, 'I thought this was going to be my new favourite writer. Rothfuss has a brilliant way with words and paints wonderful scenes. ', '2019-07-11 18:54:51', 'true');
INSERT INTO `ga3w20`.`reviews` (`isbn`, `user_id`, `rating`, `review_text`, `date`, `is_approved`) VALUES ('9780618640157', 45, 3, 'The first story where the world meets Harry Potter. This was the 3rd time reading the story after many years. ', '2019-07-11 18:54:51', 'true');
INSERT INTO `ga3w20`.`reviews` (`isbn`, `user_id`, `rating`, `review_text`, `date`, `is_approved`) VALUES ('9780425134351', 22, 4, 'Well read and the voice seems to fit the character well', '2019-07-11 18:54:51', 'true');
INSERT INTO `ga3w20`.`reviews` (`isbn`, `user_id`, `rating`, `review_text`, `date`, `is_approved`) VALUES ('9780671027384', 81, 4, 'The first story where the world meets Harry Potter. This was the 3rd time reading the story after many years. ', '2019-07-11 18:54:51', 'true');
INSERT INTO `ga3w20`.`reviews` (`isbn`, `user_id`, `rating`, `review_text`, `date`, `is_approved`) VALUES ('9780753453803', 92, 5, 'Many people may have negative things to say about the last book in this series, but I thought it was brilliant. I have to admit, the first time I read it, I was left a little sad, I felt like I needed more closure. ', '2013-07-11 18:54:51', 'true');
INSERT INTO `ga3w20`.`reviews` (`isbn`, `user_id`, `rating`, `review_text`, `date`, `is_approved`) VALUES ('9780061139376', 87, 5, 'I''m still in a bit of a state of shock. That was a really good story. ', '2016-07-11 18:54:51', 'true');
INSERT INTO `ga3w20`.`reviews` (`isbn`, `user_id`, `rating`, `review_text`, `date`, `is_approved`) VALUES ('9780062843494', 43, 3, 'I thought this was going to be my new favourite writer. Rothfuss has a brilliant way with words and paints wonderful scenes. ', '2019-07-11 18:54:51', 'true');
INSERT INTO `ga3w20`.`reviews` (`isbn`, `user_id`, `rating`, `review_text`, `date`, `is_approved`) VALUES ('9780062952554', 88, 5, 'The first story where the world meets Harry Potter. This was the 3rd time reading the story after many years. ', '2019-07-11 18:54:51', 'true');
INSERT INTO `ga3w20`.`reviews` (`isbn`, `user_id`, `rating`, `review_text`, `date`, `is_approved`) VALUES ('9780099288473', 28, 4, 'Well read and the voice seems to fit the character well', '2019-07-11 18:54:51', 'true');
INSERT INTO `ga3w20`.`reviews` (`isbn`, `user_id`, `rating`, `review_text`, `date`, `is_approved`) VALUES ('9780099458234', 12, 3, 'I thought this was going to be my new favourite writer. Rothfuss has a brilliant way with words and paints wonderful scenes. ', '2019-07-11 18:54:51', 'true');
INSERT INTO `ga3w20`.`reviews` (`isbn`, `user_id`, `rating`, `review_text`, `date`, `is_approved`) VALUES ('9780143039983', 72, 4, 'Well read and the voice seems to fit the character well', '2019-07-11 18:54:51', 'true');
INSERT INTO `ga3w20`.`reviews` (`isbn`, `user_id`, `rating`, `review_text`, `date`, `is_approved`) VALUES ('9780198753698', 57, 4, 'The first story where the world meets Harry Potter. This was the 3rd time reading the story after many years. ', '2019-07-11 18:54:51', 'true');
INSERT INTO `ga3w20`.`reviews` (`isbn`, `user_id`, `rating`, `review_text`, `date`, `is_approved`) VALUES ('9780307346612', 97, 4, 'Well read and the voice seems to fit the character well', '2019-07-11 18:54:51', 'true');
INSERT INTO `ga3w20`.`reviews` (`isbn`, `user_id`, `rating`, `review_text`, `date`, `is_approved`) VALUES ('9780307356543', 91, 5, 'Many people may have negative things to say about the last book in this series, but I thought it was brilliant. I have to admit, the first time I read it, I was left a little sad, I felt like I needed more closure. ', '2013-10-11 18:54:51', 'true');
INSERT INTO `ga3w20`.`reviews` (`isbn`, `user_id`, `rating`, `review_text`, `date`, `is_approved`) VALUES ('9780312868857', 42, 5, 'I''m still in a bit of a state of shock. That was a really good story. ', '2019-02-11 18:54:51', 'true');
INSERT INTO `ga3w20`.`reviews` (`isbn`, `user_id`, `rating`, `review_text`, `date`, `is_approved`) VALUES ('9780345409645', 60, 3, 'I thought this was going to be my new favourite writer. Rothfuss has a brilliant way with words and paints wonderful scenes. ', '2019-07-11 18:54:51', 'true');
INSERT INTO `ga3w20`.`reviews` (`isbn`, `user_id`, `rating`, `review_text`, `date`, `is_approved`) VALUES ('9780356500539', 62, 4, 'Well read and the voice seems to fit the character well', '2019-07-11 18:54:51', 'true');
INSERT INTO `ga3w20`.`reviews` (`isbn`, `user_id`, `rating`, `review_text`, `date`, `is_approved`) VALUES ('9780441172719', 10, 4, 'Well read and the voice seems to fit the character well', '2019-07-11 18:54:51', 'true');
INSERT INTO `ga3w20`.`reviews` (`isbn`, `user_id`, `rating`, `review_text`, `date`, `is_approved`) VALUES ('9780441478125', 27, 5, 'I''m still in a bit of a state of shock. That was a really good story. ', '2016-07-11 18:54:51', 'true');
INSERT INTO `ga3w20`.`reviews` (`isbn`, `user_id`, `rating`, `review_text`, `date`, `is_approved`) VALUES ('9780451465641', 67, 4, 'Well read and the voice seems to fit the character well', '2019-07-11 18:54:51', 'true');
INSERT INTO `ga3w20`.`reviews` (`isbn`, `user_id`, `rating`, `review_text`, `date`, `is_approved`) VALUES ('9780544340688', 62, 3, 'I thought this was going to be my new favourite writer. Rothfuss has a brilliant way with words and paints wonderful scenes. ', '2019-07-11 18:54:51', 'true');
INSERT INTO `ga3w20`.`reviews` (`isbn`, `user_id`, `rating`, `review_text`, `date`, `is_approved`) VALUES ('9780547572482', 93, 4, 'The first story where the world meets Harry Potter. This was the 3rd time reading the story after many years. ', '2019-07-11 18:54:51', 'true');
INSERT INTO `ga3w20`.`reviews` (`isbn`, `user_id`, `rating`, `review_text`, `date`, `is_approved`) VALUES ('9780553025170', 18, 4, 'Well read and the voice seems to fit the character well', '2019-07-11 18:54:51', 'true');
INSERT INTO `ga3w20`.`reviews` (`isbn`, `user_id`, `rating`, `review_text`, `date`, `is_approved`) VALUES ('9780553212471', 92, 4, 'Great thank you. Very small print!', '2018-07-11 18:54:51', 'true');
INSERT INTO `ga3w20`.`reviews` (`isbn`, `user_id`, `rating`, `review_text`, `date`, `is_approved`) VALUES ('9780571084838', 17, 5, 'I thought this was going to be my new favourite writer. Rothfuss has a brilliant way with words and paints wonderful scenes. ', '2019-07-11 18:54:51', 'true');
INSERT INTO `ga3w20`.`reviews` (`isbn`, `user_id`, `rating`, `review_text`, `date`, `is_approved`) VALUES ('9780676977691', 19, 3, 'The first story where the world meets Harry Potter. This was the 3rd time reading the story after many years. ', '2019-07-11 18:54:51', 'true');
INSERT INTO `ga3w20`.`reviews` (`isbn`, `user_id`, `rating`, `review_text`, `date`, `is_approved`) VALUES ('9780771008795', 11, 3, 'I thought this was going to be my new favourite writer. Rothfuss has a brilliant way with words and paints wonderful scenes. ', '2019-07-11 18:54:51', 'true');
INSERT INTO `ga3w20`.`reviews` (`isbn`, `user_id`, `rating`, `review_text`, `date`, `is_approved`) VALUES ('9780771009419', 20, 4, 'The first story where the world meets Harry Potter. This was the 3rd time reading the story after many years. ', '2019-07-11 18:54:51', 'true');
INSERT INTO `ga3w20`.`reviews` (`isbn`, `user_id`, `rating`, `review_text`, `date`, `is_approved`) VALUES ('9780804139021', 94, 4, 'Great thank you. Very small print!', '2017-07-11 18:54:51', 'true');
INSERT INTO `ga3w20`.`reviews` (`isbn`, `user_id`, `rating`, `review_text`, `date`, `is_approved`) VALUES ('9780812550702', 59, 5, 'I''m still in a bit of a state of shock. That was a really good story. ', '2014-07-11 18:54:51', 'true');
INSERT INTO `ga3w20`.`reviews` (`isbn`, `user_id`, `rating`, `review_text`, `date`, `is_approved`) VALUES ('9780812974621', 16, 4, 'Well read and the voice seems to fit the character well', '2019-07-11 18:54:51', 'true');
INSERT INTO `ga3w20`.`reviews` (`isbn`, `user_id`, `rating`, `review_text`, `date`, `is_approved`) VALUES ('9781400078776', 73, 4, 'The first story where the world meets Harry Potter. This was the 3rd time reading the story after many years. ', '2019-07-11 18:54:51', 'true');
INSERT INTO `ga3w20`.`reviews` (`isbn`, `user_id`, `rating`, `review_text`, `date`, `is_approved`) VALUES ('9781451673319', 40, 3, 'I thought this was going to be my new favourite writer. Rothfuss has a brilliant way with words and paints wonderful scenes. ', '2019-07-11 18:54:51', 'true');
INSERT INTO `ga3w20`.`reviews` (`isbn`, `user_id`, `rating`, `review_text`, `date`, `is_approved`) VALUES ('9781493627462', 43, 3, 'The first story where the world meets Harry Potter. This was the 3rd time reading the story after many years. ', '2019-07-11 18:54:51', 'true');
INSERT INTO `ga3w20`.`reviews` (`isbn`, `user_id`, `rating`, `review_text`, `date`, `is_approved`) VALUES ('9781501156748', 25, 4, 'Well read and the voice seems to fit the character well', '2019-07-11 18:54:51', 'true');
INSERT INTO `ga3w20`.`reviews` (`isbn`, `user_id`, `rating`, `review_text`, `date`, `is_approved`) VALUES ('9781506707747', 61, 4, 'Great thank you. Very small print!', '2016-07-11 18:54:51', 'true');
INSERT INTO `ga3w20`.`reviews` (`isbn`, `user_id`, `rating`, `review_text`, `date`, `is_approved`) VALUES ('9781608867844', 62, 5, 'I''m still in a bit of a state of shock. That was a really good story. ', '2017-02-11 18:54:51', 'true');
INSERT INTO `ga3w20`.`reviews` (`isbn`, `user_id`, `rating`, `review_text`, `date`, `is_approved`) VALUES ('9781727505702', 52, 4, 'Well read and the voice seems to fit the character well', '2019-07-11 18:54:51', 'true');
INSERT INTO `ga3w20`.`reviews` (`isbn`, `user_id`, `rating`, `review_text`, `date`, `is_approved`) VALUES ('9781789263589', 77, 4, 'Great thank you. Very small print!', '2018-07-01 18:54:51', 'true');
INSERT INTO `ga3w20`.`reviews` (`isbn`, `user_id`, `rating`, `review_text`, `date`, `is_approved`) VALUES ('9781935429005', 98, 5, 'I''m still in a bit of a state of shock. That was a really good story. ', '2013-03-11 18:54:51', 'true');
INSERT INTO `ga3w20`.`reviews` (`isbn`, `user_id`, `rating`, `review_text`, `date`, `is_approved`) VALUES ('9780441569595', 100, 4, 'The first story where the world meets Harry Potter. This was the 3rd time reading the story after many years. ', '2019-07-11 18:54:51', 'true');
INSERT INTO `ga3w20`.`reviews` (`isbn`, `user_id`, `rating`, `review_text`, `date`, `is_approved`) VALUES ('9785557085373', 87, 3, 'I thought this was going to be my new favourite writer. Rothfuss has a brilliant way with words and paints wonderful scenes. ', '2019-07-11 18:54:51', 'true');
INSERT INTO `ga3w20`.`reviews` (`isbn`, `user_id`, `rating`, `review_text`, `date`, `is_approved`) VALUES ('9786065792296', 57, 4, 'The first story where the world meets Harry Potter. This was the 3rd time reading the story after many years. ', '2019-07-11 18:54:51', 'true');
INSERT INTO `ga3w20`.`reviews` (`isbn`, `user_id`, `rating`, `review_text`, `date`, `is_approved`) VALUES ('9789851807822', 92, 5, 'I''m still in a bit of a state of shock. That was a really good story. ', '2017-07-11 18:54:51', 'true');
COMMIT;

--------------------------------------------------------
-- Data for table `ga3w20`.`questions`
--------------------------------------------------------
START TRANSACTION;

INSERT INTO `ga3w20`.`questions` (`id`, `question_text`, `is_active`) VALUES (1, 'Who is your favourite Horror author?', 1);
INSERT INTO `ga3w20`.`questions` (`id`, `question_text`, `is_active`) VALUES (2, 'Who is your favourite Sci-Fi author?', 0);
INSERT INTO `ga3w20`.`questions` (`id`, `question_text`, `is_active`) VALUES (3, 'Who is your favourite Fantasy author?', 0);
INSERT INTO `ga3w20`.`questions` (`id`, `question_text`, `is_active`) VALUES (4, 'Who is your favourite  Dystopia author?', 0);
INSERT INTO `ga3w20`.`questions` (`id`, `question_text`, `is_active`) VALUES (5, 'Who is your favourite Action-Adventure author?', 0);
COMMIT;

--------------------------------------------------------
-- Data for table `ga3w20`.`answers`
--------------------------------------------------------
START TRANSACTION;

INSERT INTO `ga3w20`.`answers` (`id`, `question_id`, `answer_text`, `chosen_times`) VALUES (1, 1, 'Stephen King', 10);
INSERT INTO `ga3w20`.`answers` (`id`, `question_id`, `answer_text`, `chosen_times`) VALUES (2, 1, 'Marie Shelly', 5);
INSERT INTO `ga3w20`.`answers` (`id`, `question_id`, `answer_text`, `chosen_times`) VALUES (3, 1, 'Bram Stoker', 7);
INSERT INTO `ga3w20`.`answers` (`id`, `question_id`, `answer_text`, `chosen_times`) VALUES (4, 1, 'Shirley Jackson', 4);
INSERT INTO `ga3w20`.`answers` (`id`, `question_id`, `answer_text`, `chosen_times`) VALUES (5, 2, 'Frank Herbert', 15);
INSERT INTO `ga3w20`.`answers` (`id`, `question_id`, `answer_text`, `chosen_times`) VALUES (6, 2, 'Harlan Ellison', 8);
INSERT INTO `ga3w20`.`answers` (`id`, `question_id`, `answer_text`, `chosen_times`) VALUES (7, 2, 'William Gibson', 11);
INSERT INTO `ga3w20`.`answers` (`id`, `question_id`, `answer_text`, `chosen_times`) VALUES (8, 2, 'Katsuhiro Otomo', 10);
INSERT INTO `ga3w20`.`answers` (`id`, `question_id`, `answer_text`, `chosen_times`) VALUES (9, 3, 'Robin Hobb', 15);
INSERT INTO `ga3w20`.`answers` (`id`, `question_id`, `answer_text`, `chosen_times`) VALUES (10, 3, 'J.K Rowling', 20);
INSERT INTO `ga3w20`.`answers` (`id`, `question_id`, `answer_text`, `chosen_times`) VALUES (11, 3, 'Kristin Cashore ', 12);
INSERT INTO `ga3w20`.`answers` (`id`, `question_id`, `answer_text`, `chosen_times`) VALUES (12, 3, 'George R. R. Martin ', 17);
INSERT INTO `ga3w20`.`answers` (`id`, `question_id`, `answer_text`, `chosen_times`) VALUES (13, 4, 'Margaret Atwood', 16);
INSERT INTO `ga3w20`.`answers` (`id`, `question_id`, `answer_text`, `chosen_times`) VALUES (14, 4, 'Louise Erdrich', 11);
INSERT INTO `ga3w20`.`answers` (`id`, `question_id`, `answer_text`, `chosen_times`) VALUES (15, 4, 'Suzanne Collins', 15);
INSERT INTO `ga3w20`.`answers` (`id`, `question_id`, `answer_text`, `chosen_times`) VALUES (16, 4, 'George Orwell', 19);
INSERT INTO `ga3w20`.`answers` (`id`, `question_id`, `answer_text`, `chosen_times`) VALUES (17, 5, 'Stieg Larsson', 9);
INSERT INTO `ga3w20`.`answers` (`id`, `question_id`, `answer_text`, `chosen_times`) VALUES (18, 5, 'Robert Ludlum', 8);
INSERT INTO `ga3w20`.`answers` (`id`, `question_id`, `answer_text`, `chosen_times`) VALUES (19, 5, 'Veronica Roth', 3);
INSERT INTO `ga3w20`.`answers` (`id`, `question_id`, `answer_text`, `chosen_times`) VALUES (20, 5, 'Alexandre Dumas', 6);

COMMIT;


--------------------------------------------------------
-- Data for table `ga3w20`.`sales` and `ga3w20`.`sold_books`
--------------------------------------------------------
START TRANSACTION;
INSERT INTO `ga3w20`.`sales` (`id`, `total`, `date`, `users_id`) VALUES (1, 96.96, '2020-01-01 04:58:06.003', 83);
    INSERT INTO `ga3w20`.`sold_books` (`price`, `sales_id`, `books_isbn`) VALUES (14.99, 1, '9781524759780');
    INSERT INTO `ga3w20`.`sold_books` (`price`, `sales_id`, `books_isbn`) VALUES (14.99, 1, '9780451457998');
    INSERT INTO `ga3w20`.`sold_books` (`price`, `sales_id`, `books_isbn`) VALUES (9.99, 1, '9780425172902');
    INSERT INTO `ga3w20`.`sold_books` (`price`, `sales_id`, `books_isbn`) VALUES (35.00, 1, '9780771009433');
    INSERT INTO `ga3w20`.`sold_books` (`price`, `sales_id`, `books_isbn`) VALUES (21.99, 1, '9781451673319');
INSERT INTO `ga3w20`.`sales` (`id`, `total`, `date`, `users_id`) VALUES (2, 42.53, '2020-01-01 08:29:24.505', 25);
    INSERT INTO `ga3w20`.`sold_books` (`price`, `sales_id`, `books_isbn`) VALUES (22.54, 2, '9780356500539');
    INSERT INTO `ga3w20`.`sold_books` (`price`, `sales_id`, `books_isbn`) VALUES (9.99, 2, '9781619760530');
    INSERT INTO `ga3w20`.`sold_books` (`price`, `sales_id`, `books_isbn`) VALUES (10.00, 2, '9780316134026');
INSERT INTO `ga3w20`.`sales` (`id`, `total`, `date`, `users_id`) VALUES (3, 77.24, '2020-01-01 17:01:28.338', 58);
    INSERT INTO `ga3w20`.`sold_books` (`price`, `sales_id`, `books_isbn`) VALUES (9.99, 3, '9781619760530');
    INSERT INTO `ga3w20`.`sold_books` (`price`, `sales_id`, `books_isbn`) VALUES (11.50, 3, '9781481465588');
    INSERT INTO `ga3w20`.`sold_books` (`price`, `sales_id`, `books_isbn`) VALUES (11.77, 3, '9781789263589');
    INSERT INTO `ga3w20`.`sold_books` (`price`, `sales_id`, `books_isbn`) VALUES (20.00, 3, '9780141325491');
    INSERT INTO `ga3w20`.`sold_books` (`price`, `sales_id`, `books_isbn`) VALUES (15.99, 3, '9780547572482');
    INSERT INTO `ga3w20`.`sold_books` (`price`, `sales_id`, `books_isbn`) VALUES (7.99, 3, '9781497643079');
INSERT INTO `ga3w20`.`sales` (`id`, `total`, `date`, `users_id`) VALUES (4, 22.71, '2020-01-02 02:07:45.2', 46);
    INSERT INTO `ga3w20`.`sold_books` (`price`, `sales_id`, `books_isbn`) VALUES (22.71, 4, '9780143039983');
INSERT INTO `ga3w20`.`sales` (`id`, `total`, `date`, `users_id`) VALUES (5, 65.83, '2020-01-02 18:54:28.591', 18);
    INSERT INTO `ga3w20`.`sold_books` (`price`, `sales_id`, `books_isbn`) VALUES (33.90, 5, '9781478006688');
    INSERT INTO `ga3w20`.`sold_books` (`price`, `sales_id`, `books_isbn`) VALUES (9.99, 5, '9780812550702');
    INSERT INTO `ga3w20`.`sold_books` (`price`, `sales_id`, `books_isbn`) VALUES (9.99, 5, '9780307949486');
    INSERT INTO `ga3w20`.`sold_books` (`price`, `sales_id`, `books_isbn`) VALUES (11.95, 5, '9780553212471');
INSERT INTO `ga3w20`.`sales` (`id`, `total`, `date`, `users_id`) VALUES (6, 72.83, '2020-01-03 00:14:22.681', 43);
    INSERT INTO `ga3w20`.`sold_books` (`price`, `sales_id`, `books_isbn`) VALUES (16.99, 6, '9780439023481');
    INSERT INTO `ga3w20`.`sold_books` (`price`, `sales_id`, `books_isbn`) VALUES (22.50, 6, '9780062310644');
    INSERT INTO `ga3w20`.`sold_books` (`price`, `sales_id`, `books_isbn`) VALUES (14.50, 6, '9780765365279');
    INSERT INTO `ga3w20`.`sold_books` (`price`, `sales_id`, `books_isbn`) VALUES (18.84, 6, '9780399171611');
INSERT INTO `ga3w20`.`sales` (`id`, `total`, `date`, `users_id`) VALUES (7, 168.89, '2020-01-03 20:23:29.418', 67);
    INSERT INTO `ga3w20`.`sold_books` (`price`, `sales_id`, `books_isbn`) VALUES (49.99, 7, '9780553103540');
    INSERT INTO `ga3w20`.`sold_books` (`price`, `sales_id`, `books_isbn`) VALUES (14.99, 7, '9780451457998');
    INSERT INTO `ga3w20`.`sold_books` (`price`, `sales_id`, `books_isbn`) VALUES (11.99, 7, '9780547928197');
    INSERT INTO `ga3w20`.`sold_books` (`price`, `sales_id`, `books_isbn`) VALUES (10.99, 7, '9780618260300');
    INSERT INTO `ga3w20`.`sold_books` (`price`, `sales_id`, `books_isbn`) VALUES (21.95, 7, '9780099458234');
    INSERT INTO `ga3w20`.`sold_books` (`price`, `sales_id`, `books_isbn`) VALUES (35.00, 7, '9780771009433');
    INSERT INTO `ga3w20`.`sold_books` (`price`, `sales_id`, `books_isbn`) VALUES (9.99, 7, '9780752864327');
    INSERT INTO `ga3w20`.`sold_books` (`price`, `sales_id`, `books_isbn`) VALUES (13.99, 7, '9780753453803');
INSERT INTO `ga3w20`.`sales` (`id`, `total`, `date`, `users_id`) VALUES (8, 119.12, '2020-01-04 06:15:55.0', 96);
    INSERT INTO `ga3w20`.`sold_books` (`price`, `sales_id`, `books_isbn`) VALUES (14.99, 8, '9780451457998');
    INSERT INTO `ga3w20`.`sold_books` (`price`, `sales_id`, `books_isbn`) VALUES (11.99, 8, '9780451465641');
    INSERT INTO `ga3w20`.`sold_books` (`price`, `sales_id`, `books_isbn`) VALUES (9.99, 8, '9780752864327');
    INSERT INTO `ga3w20`.`sold_books` (`price`, `sales_id`, `books_isbn`) VALUES (21.00, 8, '9780676977691');
    INSERT INTO `ga3w20`.`sold_books` (`price`, `sales_id`, `books_isbn`) VALUES (27.20, 8, '9785557085373');
    INSERT INTO `ga3w20`.`sold_books` (`price`, `sales_id`, `books_isbn`) VALUES (21.95, 8, '9780099458234');
    INSERT INTO `ga3w20`.`sold_books` (`price`, `sales_id`, `books_isbn`) VALUES (12.00, 8, '9780761463276');
INSERT INTO `ga3w20`.`sales` (`id`, `total`, `date`, `users_id`) VALUES (9, 120.58, '2020-01-04 16:48:25.745', 48);
    INSERT INTO `ga3w20`.`sold_books` (`price`, `sales_id`, `books_isbn`) VALUES (22.54, 9, '9780356500539');
    INSERT INTO `ga3w20`.`sold_books` (`price`, `sales_id`, `books_isbn`) VALUES (12.99, 9, '9780756404741');
    INSERT INTO `ga3w20`.`sold_books` (`price`, `sales_id`, `books_isbn`) VALUES (40.59, 9, '9780345409645');
    INSERT INTO `ga3w20`.`sold_books` (`price`, `sales_id`, `books_isbn`) VALUES (13.99, 9, '9781506707747');
    INSERT INTO `ga3w20`.`sold_books` (`price`, `sales_id`, `books_isbn`) VALUES (30.47, 9, '9780062843494');
INSERT INTO `ga3w20`.`sales` (`id`, `total`, `date`, `users_id`) VALUES (10, 180.04, '2020-01-04 19:52:57.355', 79);
    INSERT INTO `ga3w20`.`sold_books` (`price`, `sales_id`, `books_isbn`) VALUES (40.59, 10, '9780345409645');
    INSERT INTO `ga3w20`.`sold_books` (`price`, `sales_id`, `books_isbn`) VALUES (12.00, 10, '9780765342980');
    INSERT INTO `ga3w20`.`sold_books` (`price`, `sales_id`, `books_isbn`) VALUES (20.00, 10, '9780141325491');
    INSERT INTO `ga3w20`.`sold_books` (`price`, `sales_id`, `books_isbn`) VALUES (7.99, 10, '9780671027384');
    INSERT INTO `ga3w20`.`sold_books` (`price`, `sales_id`, `books_isbn`) VALUES (13.51, 10, '9781408855652');
    INSERT INTO `ga3w20`.`sold_books` (`price`, `sales_id`, `books_isbn`) VALUES (24.99, 10, '9780618640157');
    INSERT INTO `ga3w20`.`sold_books` (`price`, `sales_id`, `books_isbn`) VALUES (17.99, 10, '9780441478125');
    INSERT INTO `ga3w20`.`sold_books` (`price`, `sales_id`, `books_isbn`) VALUES (13.99, 10, '9781506707747');
    INSERT INTO `ga3w20`.`sold_books` (`price`, `sales_id`, `books_isbn`) VALUES (14.99, 10, '9780451457998');
INSERT INTO `ga3w20`.`sales` (`id`, `total`, `date`, `users_id`) VALUES (11, 69.68, '2020-01-04 21:28:53.565', 36);
    INSERT INTO `ga3w20`.`sold_books` (`price`, `sales_id`, `books_isbn`) VALUES (5.00, 11, '9780752224411');
    INSERT INTO `ga3w20`.`sold_books` (`price`, `sales_id`, `books_isbn`) VALUES (10.99, 11, '9780441569595');
    INSERT INTO `ga3w20`.`sold_books` (`price`, `sales_id`, `books_isbn`) VALUES (33.90, 11, '9781478006688');
    INSERT INTO `ga3w20`.`sold_books` (`price`, `sales_id`, `books_isbn`) VALUES (19.79, 11, '9780062952554');
INSERT INTO `ga3w20`.`sales` (`id`, `total`, `date`, `users_id`) VALUES (12, 134.86, '2020-01-05 10:42:34.814', 69);
    INSERT INTO `ga3w20`.`sold_books` (`price`, `sales_id`, `books_isbn`) VALUES (16.78, 12, '9780307356543');
    INSERT INTO `ga3w20`.`sold_books` (`price`, `sales_id`, `books_isbn`) VALUES (14.79, 12, '9780316038638');
    INSERT INTO `ga3w20`.`sold_books` (`price`, `sales_id`, `books_isbn`) VALUES (11.87, 12, '9780141036144');
    INSERT INTO `ga3w20`.`sold_books` (`price`, `sales_id`, `books_isbn`) VALUES (18.84, 12, '9780399171611');
    INSERT INTO `ga3w20`.`sold_books` (`price`, `sales_id`, `books_isbn`) VALUES (9.99, 12, '9780307949486');
    INSERT INTO `ga3w20`.`sold_books` (`price`, `sales_id`, `books_isbn`) VALUES (13.86, 12, '9786065792296');
    INSERT INTO `ga3w20`.`sold_books` (`price`, `sales_id`, `books_isbn`) VALUES (14.79, 12, '9780316038638');
    INSERT INTO `ga3w20`.`sold_books` (`price`, `sales_id`, `books_isbn`) VALUES (14.95, 12, '9781493627462');
    INSERT INTO `ga3w20`.`sold_books` (`price`, `sales_id`, `books_isbn`) VALUES (18.99, 12, '9781443423656');
INSERT INTO `ga3w20`.`sales` (`id`, `total`, `date`, `users_id`) VALUES (13, 83.13, '2020-01-06 07:14:01.724', 11);
    INSERT INTO `ga3w20`.`sold_books` (`price`, `sales_id`, `books_isbn`) VALUES (13.99, 13, '9780553573398');
    INSERT INTO `ga3w20`.`sold_books` (`price`, `sales_id`, `books_isbn`) VALUES (7.99, 13, '9781497643079');
    INSERT INTO `ga3w20`.`sold_books` (`price`, `sales_id`, `books_isbn`) VALUES (6.00, 13, '9780312924584');
    INSERT INTO `ga3w20`.`sold_books` (`price`, `sales_id`, `books_isbn`) VALUES (24.99, 13, '9780618640157');
    INSERT INTO `ga3w20`.`sold_books` (`price`, `sales_id`, `books_isbn`) VALUES (13.21, 13, '9780739485811');
    INSERT INTO `ga3w20`.`sold_books` (`price`, `sales_id`, `books_isbn`) VALUES (16.95, 13, '9780307277671');
INSERT INTO `ga3w20`.`sales` (`id`, `total`, `date`, `users_id`) VALUES (14, 88.09, '2020-01-07 04:44:13.708', 85);
    INSERT INTO `ga3w20`.`sold_books` (`price`, `sales_id`, `books_isbn`) VALUES (11.99, 14, '9780547928197');
    INSERT INTO `ga3w20`.`sold_books` (`price`, `sales_id`, `books_isbn`) VALUES (18.99, 14, '9780439023498');
    INSERT INTO `ga3w20`.`sold_books` (`price`, `sales_id`, `books_isbn`) VALUES (18.12, 14, '9780553025170');
    INSERT INTO `ga3w20`.`sold_books` (`price`, `sales_id`, `books_isbn`) VALUES (15.99, 14, '9780547572482');
    INSERT INTO `ga3w20`.`sold_books` (`price`, `sales_id`, `books_isbn`) VALUES (23.00, 14, '9780812974621');
INSERT INTO `ga3w20`.`sales` (`id`, `total`, `date`, `users_id`) VALUES (15, 147.04, '2020-01-07 11:05:57.405', 33);
    INSERT INTO `ga3w20`.`sold_books` (`price`, `sales_id`, `books_isbn`) VALUES (11.99, 15, '9780451465641');
    INSERT INTO `ga3w20`.`sold_books` (`price`, `sales_id`, `books_isbn`) VALUES (11.99, 15, '9780307887436');
    INSERT INTO `ga3w20`.`sold_books` (`price`, `sales_id`, `books_isbn`) VALUES (10.99, 15, '9780618260300');
    INSERT INTO `ga3w20`.`sold_books` (`price`, `sales_id`, `books_isbn`) VALUES (16.95, 15, '9780307277671');
    INSERT INTO `ga3w20`.`sold_books` (`price`, `sales_id`, `books_isbn`) VALUES (16.78, 15, '9780307356543');
    INSERT INTO `ga3w20`.`sold_books` (`price`, `sales_id`, `books_isbn`) VALUES (22.50, 15, '9780062310644');
    INSERT INTO `ga3w20`.`sold_books` (`price`, `sales_id`, `books_isbn`) VALUES (13.86, 15, '9786065792296');
    INSERT INTO `ga3w20`.`sold_books` (`price`, `sales_id`, `books_isbn`) VALUES (10.99, 15, '9780425134351');
    INSERT INTO `ga3w20`.`sold_books` (`price`, `sales_id`, `books_isbn`) VALUES (18.99, 15, '9780439023511');
    INSERT INTO `ga3w20`.`sold_books` (`price`, `sales_id`, `books_isbn`) VALUES (12.00, 15, '9780765342980');
INSERT INTO `ga3w20`.`sales` (`id`, `total`, `date`, `users_id`) VALUES (16, 93.58, '2020-01-08 11:18:02.691', 38);
    INSERT INTO `ga3w20`.`sold_books` (`price`, `sales_id`, `books_isbn`) VALUES (13.86, 16, '9786065792296');
    INSERT INTO `ga3w20`.`sold_books` (`price`, `sales_id`, `books_isbn`) VALUES (11.77, 16, '9781789263589');
    INSERT INTO `ga3w20`.`sold_books` (`price`, `sales_id`, `books_isbn`) VALUES (18.99, 16, '9780439023498');
    INSERT INTO `ga3w20`.`sold_books` (`price`, `sales_id`, `books_isbn`) VALUES (18.99, 16, '9781443423656');
    INSERT INTO `ga3w20`.`sold_books` (`price`, `sales_id`, `books_isbn`) VALUES (13.99, 16, '9780753453803');
    INSERT INTO `ga3w20`.`sold_books` (`price`, `sales_id`, `books_isbn`) VALUES (9.99, 16, '9780345538987');
    INSERT INTO `ga3w20`.`sold_books` (`price`, `sales_id`, `books_isbn`) VALUES (5.99, 16, '9781505234725');
INSERT INTO `ga3w20`.`sales` (`id`, `total`, `date`, `users_id`) VALUES (17, 128.77, '2020-01-08 19:25:01.555', 10);
    INSERT INTO `ga3w20`.`sold_books` (`price`, `sales_id`, `books_isbn`) VALUES (10.00, 17, '9780316134026');
    INSERT INTO `ga3w20`.`sold_books` (`price`, `sales_id`, `books_isbn`) VALUES (14.79, 17, '9780316038638');
    INSERT INTO `ga3w20`.`sold_books` (`price`, `sales_id`, `books_isbn`) VALUES (16.99, 17, '9781529034523');
    INSERT INTO `ga3w20`.`sold_books` (`price`, `sales_id`, `books_isbn`) VALUES (13.86, 17, '9786065792296');
    INSERT INTO `ga3w20`.`sold_books` (`price`, `sales_id`, `books_isbn`) VALUES (8.18, 17, '9781727505702');
    INSERT INTO `ga3w20`.`sold_books` (`price`, `sales_id`, `books_isbn`) VALUES (16.99, 17, '9780439023481');
    INSERT INTO `ga3w20`.`sold_books` (`price`, `sales_id`, `books_isbn`) VALUES (11.99, 17, '9780451465641');
    INSERT INTO `ga3w20`.`sold_books` (`price`, `sales_id`, `books_isbn`) VALUES (10.99, 17, '9780441569595');
    INSERT INTO `ga3w20`.`sold_books` (`price`, `sales_id`, `books_isbn`) VALUES (10.99, 17, '9780618260300');
    INSERT INTO `ga3w20`.`sold_books` (`price`, `sales_id`, `books_isbn`) VALUES (13.99, 17, '9780804139021');
INSERT INTO `ga3w20`.`sales` (`id`, `total`, `date`, `users_id`) VALUES (18, 145.89, '2020-01-10 11:41:51.218', 92);
    INSERT INTO `ga3w20`.`sold_books` (`price`, `sales_id`, `books_isbn`) VALUES (11.99, 18, '9780441172719');
    INSERT INTO `ga3w20`.`sold_books` (`price`, `sales_id`, `books_isbn`) VALUES (20.30, 18, '9780765357151');
    INSERT INTO `ga3w20`.`sold_books` (`price`, `sales_id`, `books_isbn`) VALUES (22.71, 18, '9780143039983');
    INSERT INTO `ga3w20`.`sold_books` (`price`, `sales_id`, `books_isbn`) VALUES (11.99, 18, '9780547928197');
    INSERT INTO `ga3w20`.`sold_books` (`price`, `sales_id`, `books_isbn`) VALUES (17.99, 18, '9781935429012');
    INSERT INTO `ga3w20`.`sold_books` (`price`, `sales_id`, `books_isbn`) VALUES (16.78, 18, '9780307356543');
    INSERT INTO `ga3w20`.`sold_books` (`price`, `sales_id`, `books_isbn`) VALUES (16.95, 18, '9780307277671');
    INSERT INTO `ga3w20`.`sold_books` (`price`, `sales_id`, `books_isbn`) VALUES (27.18, 18, '9780307346612');
INSERT INTO `ga3w20`.`sales` (`id`, `total`, `date`, `users_id`) VALUES (19, 285.08, '2020-01-10 13:41:34.06', 96);
    INSERT INTO `ga3w20`.`sold_books` (`price`, `sales_id`, `books_isbn`) VALUES (20.30, 19, '9780765357151');
   INSERT INTO `ga3w20`.`sold_books` (`price`, `sales_id`, `books_isbn`) VALUES (108.72, 19, '9780198753698');
    INSERT INTO `ga3w20`.`sold_books` (`price`, `sales_id`, `books_isbn`) VALUES (30.47, 19, '9780062843494');
    INSERT INTO `ga3w20`.`sold_books` (`price`, `sales_id`, `books_isbn`) VALUES (32.51, 19, '9781250211101');
    INSERT INTO `ga3w20`.`sold_books` (`price`, `sales_id`, `books_isbn`) VALUES (27.18, 19, '9780307346612');
    INSERT INTO `ga3w20`.`sold_books` (`price`, `sales_id`, `books_isbn`) VALUES (33.90, 19, '9781478006688');
    INSERT INTO `ga3w20`.`sold_books` (`price`, `sales_id`, `books_isbn`) VALUES (21.00, 19, '9780676977691');
    INSERT INTO `ga3w20`.`sold_books` (`price`, `sales_id`, `books_isbn`) VALUES (5.00, 19, '9780752224411');
    INSERT INTO `ga3w20`.`sold_books` (`price`, `sales_id`, `books_isbn`) VALUES (6.00, 19, '9780312924584');
INSERT INTO `ga3w20`.`sales` (`id`, `total`, `date`, `users_id`) VALUES (20, 110.47, '2020-01-11 13:46:13.913', 82);
    INSERT INTO `ga3w20`.`sold_books` (`price`, `sales_id`, `books_isbn`) VALUES (22.71, 20, '9780143039983');
    INSERT INTO `ga3w20`.`sold_books` (`price`, `sales_id`, `books_isbn`) VALUES (23.27, 20, '9780312868857');
    INSERT INTO `ga3w20`.`sold_books` (`price`, `sales_id`, `books_isbn`) VALUES (32.51, 20, '9781250211101');
    INSERT INTO `ga3w20`.`sold_books` (`price`, `sales_id`, `books_isbn`) VALUES (11.99, 20, '9780441172719');
    INSERT INTO `ga3w20`.`sold_books` (`price`, `sales_id`, `books_isbn`) VALUES (19.99, 20, '9780061139376');
INSERT INTO `ga3w20`.`sales` (`id`, `total`, `date`, `users_id`) VALUES (21, 90.45, '2020-01-12 07:24:29.253', 39);
    INSERT INTO `ga3w20`.`sold_books` (`price`, `sales_id`, `books_isbn`) VALUES (18.99, 21, '9780439023498');
    INSERT INTO `ga3w20`.`sold_books` (`price`, `sales_id`, `books_isbn`) VALUES (17.99, 21, '9780441783588');
    INSERT INTO `ga3w20`.`sold_books` (`price`, `sales_id`, `books_isbn`) VALUES (16.99, 21, '9781608867844');
    INSERT INTO `ga3w20`.`sold_books` (`price`, `sales_id`, `books_isbn`) VALUES (11.50, 21, '9781481465588');
    INSERT INTO `ga3w20`.`sold_books` (`price`, `sales_id`, `books_isbn`) VALUES (13.99, 21, '9780804139021');
    INSERT INTO `ga3w20`.`sold_books` (`price`, `sales_id`, `books_isbn`) VALUES (10.99, 21, '9780441569595');
INSERT INTO `ga3w20`.`sales` (`id`, `total`, `date`, `users_id`) VALUES (22, 70.05, '2020-01-12 10:42:49.354', 84);
    INSERT INTO `ga3w20`.`sold_books` (`price`, `sales_id`, `books_isbn`) VALUES (19.57, 22, '9781400078776');
    INSERT INTO `ga3w20`.`sold_books` (`price`, `sales_id`, `books_isbn`) VALUES (14.99, 22, '9780451457998');
    INSERT INTO `ga3w20`.`sold_books` (`price`, `sales_id`, `books_isbn`) VALUES (11.99, 22, '9780451465641');
    INSERT INTO `ga3w20`.`sold_books` (`price`, `sales_id`, `books_isbn`) VALUES (12.00, 22, '9780765342980');
    INSERT INTO `ga3w20`.`sold_books` (`price`, `sales_id`, `books_isbn`) VALUES (11.50, 22, '9781481465588');
INSERT INTO `ga3w20`.`sales` (`id`, `total`, `date`, `users_id`) VALUES (23, 124.51, '2020-01-12 12:40:22.722', 40);
    INSERT INTO `ga3w20`.`sold_books` (`price`, `sales_id`, `books_isbn`) VALUES (12.00, 23, '9780765342980');
    INSERT INTO `ga3w20`.`sold_books` (`price`, `sales_id`, `books_isbn`) VALUES (9.99, 23, '9780812550702');
    INSERT INTO `ga3w20`.`sold_books` (`price`, `sales_id`, `books_isbn`) VALUES (5.99, 23, '9781505234725');
    INSERT INTO `ga3w20`.`sold_books` (`price`, `sales_id`, `books_isbn`) VALUES (10.00, 23, '9780316134026');
    INSERT INTO `ga3w20`.`sold_books` (`price`, `sales_id`, `books_isbn`) VALUES (32.51, 23, '9781250211101');
    INSERT INTO `ga3w20`.`sold_books` (`price`, `sales_id`, `books_isbn`) VALUES (14.50, 23, '9780765365279');
    INSERT INTO `ga3w20`.`sold_books` (`price`, `sales_id`, `books_isbn`) VALUES (14.95, 23, '9781493627462');
    INSERT INTO `ga3w20`.`sold_books` (`price`, `sales_id`, `books_isbn`) VALUES (19.57, 23, '9781400078776');
    INSERT INTO `ga3w20`.`sold_books` (`price`, `sales_id`, `books_isbn`) VALUES (5.00, 23, '9780752224411');
INSERT INTO `ga3w20`.`sales` (`id`, `total`, `date`, `users_id`) VALUES (24, 194.64, '2020-01-13 04:15:13.456', 4);
    INSERT INTO `ga3w20`.`sold_books` (`price`, `sales_id`, `books_isbn`) VALUES (6.00, 24, '9780312924584');
    INSERT INTO `ga3w20`.`sold_books` (`price`, `sales_id`, `books_isbn`) VALUES (16.99, 24, '9781529034523');
    INSERT INTO `ga3w20`.`sold_books` (`price`, `sales_id`, `books_isbn`) VALUES (35.99, 24, '9780062748775');
    INSERT INTO `ga3w20`.`sold_books` (`price`, `sales_id`, `books_isbn`) VALUES (33.90, 24, '9781478006688');
    INSERT INTO `ga3w20`.`sold_books` (`price`, `sales_id`, `books_isbn`) VALUES (12.00, 24, '9780765342980');
    INSERT INTO `ga3w20`.`sold_books` (`price`, `sales_id`, `books_isbn`) VALUES (35.99, 24, '9780062748775');
    INSERT INTO `ga3w20`.`sold_books` (`price`, `sales_id`, `books_isbn`) VALUES (17.99, 24, '9780441783588');
    INSERT INTO `ga3w20`.`sold_books` (`price`, `sales_id`, `books_isbn`) VALUES (19.79, 24, '9780062952554');
    INSERT INTO `ga3w20`.`sold_books` (`price`, `sales_id`, `books_isbn`) VALUES (15.99, 24, '9780553448146');
INSERT INTO `ga3w20`.`sales` (`id`, `total`, `date`, `users_id`) VALUES (25, 45.63, '2020-01-13 06:08:44.356', 49);
    INSERT INTO `ga3w20`.`sold_books` (`price`, `sales_id`, `books_isbn`) VALUES (14.99, 25, '9780544340688');
    INSERT INTO `ga3w20`.`sold_books` (`price`, `sales_id`, `books_isbn`) VALUES (16.78, 25, '9780307356543');
    INSERT INTO `ga3w20`.`sold_books` (`price`, `sales_id`, `books_isbn`) VALUES (13.86, 25, '9786065792296');
INSERT INTO `ga3w20`.`sales` (`id`, `total`, `date`, `users_id`) VALUES (26, 32.62, '2020-01-13 18:55:10.07', 22);
    INSERT INTO `ga3w20`.`sold_books` (`price`, `sales_id`, `books_isbn`) VALUES (18.12, 26, '9780553025170');
    INSERT INTO `ga3w20`.`sold_books` (`price`, `sales_id`, `books_isbn`) VALUES (14.50, 26, '9780765365279');
INSERT INTO `ga3w20`.`sales` (`id`, `total`, `date`, `users_id`) VALUES (27, 11.87, '2020-01-13 19:29:40.324', 89);
    INSERT INTO `ga3w20`.`sold_books` (`price`, `sales_id`, `books_isbn`) VALUES (11.87, 27, '9780141036144');
INSERT INTO `ga3w20`.`sales` (`id`, `total`, `date`, `users_id`) VALUES (28, 68.38, '2020-01-14 08:07:18.821', 49);
    INSERT INTO `ga3w20`.`sold_books` (`price`, `sales_id`, `books_isbn`) VALUES (18.99, 28, '9781935429005');
    INSERT INTO `ga3w20`.`sold_books` (`price`, `sales_id`, `books_isbn`) VALUES (16.78, 28, '9780307356543');
    INSERT INTO `ga3w20`.`sold_books` (`price`, `sales_id`, `books_isbn`) VALUES (32.61, 28, '9780451119674');
INSERT INTO `ga3w20`.`sales` (`id`, `total`, `date`, `users_id`) VALUES (29, 216.26, '2020-01-14 20:36:47.418', 89);
    INSERT INTO `ga3w20`.`sold_books` (`price`, `sales_id`, `books_isbn`) VALUES (11.95, 29, '9780553212471');
    INSERT INTO `ga3w20`.`sold_books` (`price`, `sales_id`, `books_isbn`) VALUES (24.99, 29, '9780618640157');
    INSERT INTO `ga3w20`.`sold_books` (`price`, `sales_id`, `books_isbn`) VALUES (33.90, 29, '9781478006688');
    INSERT INTO `ga3w20`.`sold_books` (`price`, `sales_id`, `books_isbn`) VALUES (13.21, 29, '9780739485811');
    INSERT INTO `ga3w20`.`sold_books` (`price`, `sales_id`, `books_isbn`) VALUES (35.00, 29, '9780771009433');
    INSERT INTO `ga3w20`.`sold_books` (`price`, `sales_id`, `books_isbn`) VALUES (21.99, 29, '9781451673319');
    INSERT INTO `ga3w20`.`sold_books` (`price`, `sales_id`, `books_isbn`) VALUES (19.79, 29, '9780062952554');
    INSERT INTO `ga3w20`.`sold_books` (`price`, `sales_id`, `books_isbn`) VALUES (13.86, 29, '9786065792296');
    INSERT INTO `ga3w20`.`sold_books` (`price`, `sales_id`, `books_isbn`) VALUES (19.79, 29, '9780062952554');
    INSERT INTO `ga3w20`.`sold_books` (`price`, `sales_id`, `books_isbn`) VALUES (21.78, 29, '9781501156748');
INSERT INTO `ga3w20`.`sales` (`id`, `total`, `date`, `users_id`) VALUES (30, 20.30, '2020-01-15 02:21:06.499', 4);
    INSERT INTO `ga3w20`.`sold_books` (`price`, `sales_id`, `books_isbn`) VALUES (20.30, 30, '9780765357151');
INSERT INTO `ga3w20`.`sales` (`id`, `total`, `date`, `users_id`) VALUES (31, 87.86, '2020-01-15 02:23:03.608', 23);
    INSERT INTO `ga3w20`.`sold_books` (`price`, `sales_id`, `books_isbn`) VALUES (15.99, 31, '9780140449266');
    INSERT INTO `ga3w20`.`sold_books` (`price`, `sales_id`, `books_isbn`) VALUES (20.74, 31, '9780771009419');
    INSERT INTO `ga3w20`.`sold_books` (`price`, `sales_id`, `books_isbn`) VALUES (13.86, 31, '9786065792296');
    INSERT INTO `ga3w20`.`sold_books` (`price`, `sales_id`, `books_isbn`) VALUES (20.28, 31, '9780312355296');
    INSERT INTO `ga3w20`.`sold_books` (`price`, `sales_id`, `books_isbn`) VALUES (16.99, 31, '9781608867844');
INSERT INTO `ga3w20`.`sales` (`id`, `total`, `date`, `users_id`) VALUES (32, 87.43, '2020-01-15 04:14:06.281', 81);
    INSERT INTO `ga3w20`.`sold_books` (`price`, `sales_id`, `books_isbn`) VALUES (14.99, 32, '9780451457998');
    INSERT INTO `ga3w20`.`sold_books` (`price`, `sales_id`, `books_isbn`) VALUES (14.50, 32, '9780765365279');
    INSERT INTO `ga3w20`.`sold_books` (`price`, `sales_id`, `books_isbn`) VALUES (10.00, 32, '9780316134026');
    INSERT INTO `ga3w20`.`sold_books` (`price`, `sales_id`, `books_isbn`) VALUES (14.95, 32, '9781493627462');
    INSERT INTO `ga3w20`.`sold_books` (`price`, `sales_id`, `books_isbn`) VALUES (9.99, 32, '9780425172902');
    INSERT INTO `ga3w20`.`sold_books` (`price`, `sales_id`, `books_isbn`) VALUES (23.00, 32, '9780812974621');
INSERT INTO `ga3w20`.`sales` (`id`, `total`, `date`, `users_id`) VALUES (33, 139.32, '2020-01-15 08:08:55.242', 35);
    INSERT INTO `ga3w20`.`sold_books` (`price`, `sales_id`, `books_isbn`) VALUES (9.99, 33, '9780425172902');
    INSERT INTO `ga3w20`.`sold_books` (`price`, `sales_id`, `books_isbn`) VALUES (22.54, 33, '9780356500539');
    INSERT INTO `ga3w20`.`sold_books` (`price`, `sales_id`, `books_isbn`) VALUES (5.99, 33, '9781505234725');
    INSERT INTO `ga3w20`.`sold_books` (`price`, `sales_id`, `books_isbn`) VALUES (16.99, 33, '9780547258300');
    INSERT INTO `ga3w20`.`sold_books` (`price`, `sales_id`, `books_isbn`) VALUES (23.00, 33, '9780812974621');
    INSERT INTO `ga3w20`.`sold_books` (`price`, `sales_id`, `books_isbn`) VALUES (5.00, 33, '9780752224411');
    INSERT INTO `ga3w20`.`sold_books` (`price`, `sales_id`, `books_isbn`) VALUES (18.84, 33, '9780399171611');
    INSERT INTO `ga3w20`.`sold_books` (`price`, `sales_id`, `books_isbn`) VALUES (9.99, 33, '9780425172902');
INSERT INTO `ga3w20`.`sales` (`id`, `total`, `date`, `users_id`) VALUES (34, 120.45, '2020-01-16 08:13:37.592', 88);
    INSERT INTO `ga3w20`.`sold_books` (`price`, `sales_id`, `books_isbn`) VALUES (40.59, 34, '9780345409645');
    INSERT INTO `ga3w20`.`sold_books` (`price`, `sales_id`, `books_isbn`) VALUES (13.99, 34, '9781619630345');
    INSERT INTO `ga3w20`.`sold_books` (`price`, `sales_id`, `books_isbn`) VALUES (18.99, 34, '9780439023511');
    INSERT INTO `ga3w20`.`sold_books` (`price`, `sales_id`, `books_isbn`) VALUES (9.99, 34, '9780345538987');
    INSERT INTO `ga3w20`.`sold_books` (`price`, `sales_id`, `books_isbn`) VALUES (14.95, 34, '9781493627462');
    INSERT INTO `ga3w20`.`sold_books` (`price`, `sales_id`, `books_isbn`) VALUES (11.95, 34, '9780553212471');
    INSERT INTO `ga3w20`.`sold_books` (`price`, `sales_id`, `books_isbn`) VALUES (9.99, 34, '9780425172902');
INSERT INTO `ga3w20`.`sales` (`id`, `total`, `date`, `users_id`) VALUES (35, 114.43, '2020-01-16 17:00:48.801', 21);
    INSERT INTO `ga3w20`.`sold_books` (`price`, `sales_id`, `books_isbn`) VALUES (9.99, 35, '9780307949486');
    INSERT INTO `ga3w20`.`sold_books` (`price`, `sales_id`, `books_isbn`) VALUES (22.54, 35, '9780356500539');
    INSERT INTO `ga3w20`.`sold_books` (`price`, `sales_id`, `books_isbn`) VALUES (9.99, 35, '9780752864327');
    INSERT INTO `ga3w20`.`sold_books` (`price`, `sales_id`, `books_isbn`) VALUES (22.71, 35, '9780143039983');
    INSERT INTO `ga3w20`.`sold_books` (`price`, `sales_id`, `books_isbn`) VALUES (13.21, 35, '9780739485811');
    INSERT INTO `ga3w20`.`sold_books` (`price`, `sales_id`, `books_isbn`) VALUES (14.99, 35, '9780804137270');
    INSERT INTO `ga3w20`.`sold_books` (`price`, `sales_id`, `books_isbn`) VALUES (21.00, 35, '9780676977691');
INSERT INTO `ga3w20`.`sales` (`id`, `total`, `date`, `users_id`) VALUES (36, 133.30, '2020-01-17 02:14:30.8', 12);
    INSERT INTO `ga3w20`.`sold_books` (`price`, `sales_id`, `books_isbn`) VALUES (14.36, 36, '9780571084838');
    INSERT INTO `ga3w20`.`sold_books` (`price`, `sales_id`, `books_isbn`) VALUES (33.90, 36, '9781478006688');
    INSERT INTO `ga3w20`.`sold_books` (`price`, `sales_id`, `books_isbn`) VALUES (18.12, 36, '9780553025170');
    INSERT INTO `ga3w20`.`sold_books` (`price`, `sales_id`, `books_isbn`) VALUES (16.78, 36, '9780307356543');
    INSERT INTO `ga3w20`.`sold_books` (`price`, `sales_id`, `books_isbn`) VALUES (11.95, 36, '9780553212471');
    INSERT INTO `ga3w20`.`sold_books` (`price`, `sales_id`, `books_isbn`) VALUES (16.99, 36, '9781529034523');
    INSERT INTO `ga3w20`.`sold_books` (`price`, `sales_id`, `books_isbn`) VALUES (13.21, 36, '9780739485811');
    INSERT INTO `ga3w20`.`sold_books` (`price`, `sales_id`, `books_isbn`) VALUES (7.99, 36, '9781497643079');
INSERT INTO `ga3w20`.`sales` (`id`, `total`, `date`, `users_id`) VALUES (37, 72.97, '2020-01-17 04:29:02.028', 41);
    INSERT INTO `ga3w20`.`sold_books` (`price`, `sales_id`, `books_isbn`) VALUES (11.99, 37, '9780451465641');
    INSERT INTO `ga3w20`.`sold_books` (`price`, `sales_id`, `books_isbn`) VALUES (49.99, 37, '9780553103540');
    INSERT INTO `ga3w20`.`sold_books` (`price`, `sales_id`, `books_isbn`) VALUES (10.99, 37, '9780425134351');
INSERT INTO `ga3w20`.`sales` (`id`, `total`, `date`, `users_id`) VALUES (38, 28.98, '2020-01-19 13:55:57.906', 24);
    INSERT INTO `ga3w20`.`sold_books` (`price`, `sales_id`, `books_isbn`) VALUES (13.99, 38, '9781506707747');
    INSERT INTO `ga3w20`.`sold_books` (`price`, `sales_id`, `books_isbn`) VALUES (14.99, 38, '9781524759780');
INSERT INTO `ga3w20`.`sales` (`id`, `total`, `date`, `users_id`) VALUES (39, 134.40, '2020-01-20 02:03:19.92', 17);
    INSERT INTO `ga3w20`.`sold_books` (`price`, `sales_id`, `books_isbn`) VALUES (19.95, 39, '9780771008795');
    INSERT INTO `ga3w20`.`sold_books` (`price`, `sales_id`, `books_isbn`) VALUES (16.78, 39, '9780307356543');
    INSERT INTO `ga3w20`.`sold_books` (`price`, `sales_id`, `books_isbn`) VALUES (19.99, 39, '9780061139376');
    INSERT INTO `ga3w20`.`sold_books` (`price`, `sales_id`, `books_isbn`) VALUES (5.99, 39, '9781505234725');
    INSERT INTO `ga3w20`.`sold_books` (`price`, `sales_id`, `books_isbn`) VALUES (13.21, 39, '9780739485811');
    INSERT INTO `ga3w20`.`sold_books` (`price`, `sales_id`, `books_isbn`) VALUES (15.99, 39, '9780618346257');
    INSERT INTO `ga3w20`.`sold_books` (`price`, `sales_id`, `books_isbn`) VALUES (11.99, 39, '9780547928197');
    INSERT INTO `ga3w20`.`sold_books` (`price`, `sales_id`, `books_isbn`) VALUES (13.51, 39, '9781408855652');
    INSERT INTO `ga3w20`.`sold_books` (`price`, `sales_id`, `books_isbn`) VALUES (16.99, 39, '9781529034523');
INSERT INTO `ga3w20`.`sales` (`id`, `total`, `date`, `users_id`) VALUES (40, 164.66, '2020-01-21 00:23:36.171', 97);
    INSERT INTO `ga3w20`.`sold_books` (`price`, `sales_id`, `books_isbn`) VALUES (18.84, 40, '9780399171611');
    INSERT INTO `ga3w20`.`sold_books` (`price`, `sales_id`, `books_isbn`) VALUES (5.00, 40, '9780752224411');
    INSERT INTO `ga3w20`.`sold_books` (`price`, `sales_id`, `books_isbn`) VALUES (27.20, 40, '9785557085373');
    INSERT INTO `ga3w20`.`sold_books` (`price`, `sales_id`, `books_isbn`) VALUES (14.99, 40, '9780804137270');
    INSERT INTO `ga3w20`.`sold_books` (`price`, `sales_id`, `books_isbn`) VALUES (27.18, 40, '9780307346612');
    INSERT INTO `ga3w20`.`sold_books` (`price`, `sales_id`, `books_isbn`) VALUES (14.99, 40, '9781524759780');
    INSERT INTO `ga3w20`.`sold_books` (`price`, `sales_id`, `books_isbn`) VALUES (21.00, 40, '9780676977691');
    INSERT INTO `ga3w20`.`sold_books` (`price`, `sales_id`, `books_isbn`) VALUES (13.51, 40, '9781408855652');
    INSERT INTO `ga3w20`.`sold_books` (`price`, `sales_id`, `books_isbn`) VALUES (21.95, 40, '9780099458234');
INSERT INTO `ga3w20`.`sales` (`id`, `total`, `date`, `users_id`) VALUES (41, 72.25, '2020-01-21 02:45:39.397', 27);
    INSERT INTO `ga3w20`.`sold_books` (`price`, `sales_id`, `books_isbn`) VALUES (14.95, 41, '9781493627462');
    INSERT INTO `ga3w20`.`sold_books` (`price`, `sales_id`, `books_isbn`) VALUES (16.78, 41, '9780307356543');
    INSERT INTO `ga3w20`.`sold_books` (`price`, `sales_id`, `books_isbn`) VALUES (21.99, 41, '9781451673319');
    INSERT INTO `ga3w20`.`sold_books` (`price`, `sales_id`, `books_isbn`) VALUES (5.00, 41, '9780752224411');
    INSERT INTO `ga3w20`.`sold_books` (`price`, `sales_id`, `books_isbn`) VALUES (13.53, 41, '9781250295446');
INSERT INTO `ga3w20`.`sales` (`id`, `total`, `date`, `users_id`) VALUES (42, 33.85, '2020-01-21 06:34:16.578', 18);
    INSERT INTO `ga3w20`.`sold_books` (`price`, `sales_id`, `books_isbn`) VALUES (9.99, 42, '9780752864327');
    INSERT INTO `ga3w20`.`sold_books` (`price`, `sales_id`, `books_isbn`) VALUES (11.99, 42, '9780553381689');
    INSERT INTO `ga3w20`.`sold_books` (`price`, `sales_id`, `books_isbn`) VALUES (11.87, 42, '9780141036144');
INSERT INTO `ga3w20`.`sales` (`id`, `total`, `date`, `users_id`) VALUES (43, 39.95, '2020-01-21 15:02:17.277', 55);
    INSERT INTO `ga3w20`.`sold_books` (`price`, `sales_id`, `books_isbn`) VALUES (20.00, 43, '9780141325491');
    INSERT INTO `ga3w20`.`sold_books` (`price`, `sales_id`, `books_isbn`) VALUES (19.95, 43, '9780771008795');
INSERT INTO `ga3w20`.`sales` (`id`, `total`, `date`, `users_id`) VALUES (44, 44.28, '2020-01-22 12:38:49.518', 53);
    INSERT INTO `ga3w20`.`sold_books` (`price`, `sales_id`, `books_isbn`) VALUES (22.50, 44, '9780062310644');
    INSERT INTO `ga3w20`.`sold_books` (`price`, `sales_id`, `books_isbn`) VALUES (21.78, 44, '9781501156748');
INSERT INTO `ga3w20`.`sales` (`id`, `total`, `date`, `users_id`) VALUES (45, 39.9, '2020-01-22 20:02:30.035', 2);
    INSERT INTO `ga3w20`.`sold_books` (`price`, `sales_id`, `books_isbn`) VALUES (18.12, 45, '9780553025170');
    INSERT INTO `ga3w20`.`sold_books` (`price`, `sales_id`, `books_isbn`) VALUES (21.78, 45, '9781501156748');
INSERT INTO `ga3w20`.`sales` (`id`, `total`, `date`, `users_id`) VALUES (46, 51.08, '2020-01-24 09:25:56.877', 55);
    INSERT INTO `ga3w20`.`sold_books` (`price`, `sales_id`, `books_isbn`) VALUES (24.14, 46, '9780099288473');
    INSERT INTO `ga3w20`.`sold_books` (`price`, `sales_id`, `books_isbn`) VALUES (14.99, 46, '9780544340688');
    INSERT INTO `ga3w20`.`sold_books` (`price`, `sales_id`, `books_isbn`) VALUES (11.95, 46, '9780553212471');
INSERT INTO `ga3w20`.`sales` (`id`, `total`, `date`, `users_id`) VALUES (47, 162.44, '2020-01-24 20:38:31.938', 54);
    INSERT INTO `ga3w20`.`sold_books` (`price`, `sales_id`, `books_isbn`) VALUES (32.51, 47, '9781250211101');
    INSERT INTO `ga3w20`.`sold_books` (`price`, `sales_id`, `books_isbn`) VALUES (13.99, 47, '9781506707747');
    INSERT INTO `ga3w20`.`sold_books` (`price`, `sales_id`, `books_isbn`) VALUES (9.99, 47, '9780812550702');
    INSERT INTO `ga3w20`.`sold_books` (`price`, `sales_id`, `books_isbn`) VALUES (18.99, 47, '9781443423656');
    INSERT INTO `ga3w20`.`sold_books` (`price`, `sales_id`, `books_isbn`) VALUES (35.99, 47, '9780062748775');
    INSERT INTO `ga3w20`.`sold_books` (`price`, `sales_id`, `books_isbn`) VALUES (16.99, 47, '9780439023481');
    INSERT INTO `ga3w20`.`sold_books` (`price`, `sales_id`, `books_isbn`) VALUES (5.00, 47, '9780752224411');
    INSERT INTO `ga3w20`.`sold_books` (`price`, `sales_id`, `books_isbn`) VALUES (16.99, 47, '9781608867844');
    INSERT INTO `ga3w20`.`sold_books` (`price`, `sales_id`, `books_isbn`) VALUES (11.99, 47, '9780441172719');
INSERT INTO `ga3w20`.`sales` (`id`, `total`, `date`, `users_id`) VALUES (48, 35.53, '2020-01-24 21:31:19.991', 84);
    INSERT INTO `ga3w20`.`sold_books` (`price`, `sales_id`, `books_isbn`) VALUES (12.99, 48, '9780756404741');
    INSERT INTO `ga3w20`.`sold_books` (`price`, `sales_id`, `books_isbn`) VALUES (22.54, 48, '9780356500539');
INSERT INTO `ga3w20`.`sales` (`id`, `total`, `date`, `users_id`) VALUES (49, 138.28, '2020-01-24 22:29:06.294', 60);
    INSERT INTO `ga3w20`.`sold_books` (`price`, `sales_id`, `books_isbn`) VALUES (18.99, 49, '9781935429005');
    INSERT INTO `ga3w20`.`sold_books` (`price`, `sales_id`, `books_isbn`) VALUES (18.99, 49, '9781443423656');
    INSERT INTO `ga3w20`.`sold_books` (`price`, `sales_id`, `books_isbn`) VALUES (18.99, 49, '9781935429005');
    INSERT INTO `ga3w20`.`sold_books` (`price`, `sales_id`, `books_isbn`) VALUES (18.84, 49, '9780399171611');
    INSERT INTO `ga3w20`.`sold_books` (`price`, `sales_id`, `books_isbn`) VALUES (12.00, 49, '9780761463276');
    INSERT INTO `ga3w20`.`sold_books` (`price`, `sales_id`, `books_isbn`) VALUES (30.47, 49, '9780062843494');
    INSERT INTO `ga3w20`.`sold_books` (`price`, `sales_id`, `books_isbn`) VALUES (20.00, 49, '9780141325491');
INSERT INTO `ga3w20`.`sales` (`id`, `total`, `date`, `users_id`) VALUES (50, 39.09, '2020-01-25 16:52:04.788', 100);
    INSERT INTO `ga3w20`.`sold_books` (`price`, `sales_id`, `books_isbn`) VALUES (14.95, 50, '9781493627462');
    INSERT INTO `ga3w20`.`sold_books` (`price`, `sales_id`, `books_isbn`) VALUES (24.14, 50, '9780099288473');
INSERT INTO `ga3w20`.`sales` (`id`, `total`, `date`, `users_id`) VALUES (51, 148.13, '2020-01-26 07:22:06.787', 58);
    INSERT INTO `ga3w20`.`sold_books` (`price`, `sales_id`, `books_isbn`) VALUES (21.95, 51, '9780099458234');
    INSERT INTO `ga3w20`.`sold_books` (`price`, `sales_id`, `books_isbn`) VALUES (10.99, 51, '9780618260300');
    INSERT INTO `ga3w20`.`sold_books` (`price`, `sales_id`, `books_isbn`) VALUES (19.99, 51, '9780061139376');
    INSERT INTO `ga3w20`.`sold_books` (`price`, `sales_id`, `books_isbn`) VALUES (16.99, 51, '9780547258300');
    INSERT INTO `ga3w20`.`sold_books` (`price`, `sales_id`, `books_isbn`) VALUES (21.95, 51, '9780099458234');
    INSERT INTO `ga3w20`.`sold_books` (`price`, `sales_id`, `books_isbn`) VALUES (16.99, 51, '9781608867844');
    INSERT INTO `ga3w20`.`sold_books` (`price`, `sales_id`, `books_isbn`) VALUES (20.28, 51, '9780312355296');
    INSERT INTO `ga3w20`.`sold_books` (`price`, `sales_id`, `books_isbn`) VALUES (18.99, 51, '9781443423656');
INSERT INTO `ga3w20`.`sales` (`id`, `total`, `date`, `users_id`) VALUES (52, 16.78, '2020-01-26 21:58:28.698', 14);
    INSERT INTO `ga3w20`.`sold_books` (`price`, `sales_id`, `books_isbn`) VALUES (16.78, 52, '9780307356543');
INSERT INTO `ga3w20`.`sales` (`id`, `total`, `date`, `users_id`) VALUES (53, 172.59, '2020-01-27 01:28:22.275', 38);
    INSERT INTO `ga3w20`.`sold_books` (`price`, `sales_id`, `books_isbn`) VALUES (27.20, 53, '9785557085373');
    INSERT INTO `ga3w20`.`sold_books` (`price`, `sales_id`, `books_isbn`) VALUES (21.00, 53, '9780676977691');
    INSERT INTO `ga3w20`.`sold_books` (`price`, `sales_id`, `books_isbn`) VALUES (32.51, 53, '9781250211101');
    INSERT INTO `ga3w20`.`sold_books` (`price`, `sales_id`, `books_isbn`) VALUES (22.71, 53, '9780143039983');
    INSERT INTO `ga3w20`.`sold_books` (`price`, `sales_id`, `books_isbn`) VALUES (11.99, 53, '9780451465641');
    INSERT INTO `ga3w20`.`sold_books` (`price`, `sales_id`, `books_isbn`) VALUES (14.99, 53, '9781524759780');
    INSERT INTO `ga3w20`.`sold_books` (`price`, `sales_id`, `books_isbn`) VALUES (16.99, 53, '9780547258300');
    INSERT INTO `ga3w20`.`sold_books` (`price`, `sales_id`, `books_isbn`) VALUES (11.99, 53, '9780553381689');
    INSERT INTO `ga3w20`.`sold_books` (`price`, `sales_id`, `books_isbn`) VALUES (13.21, 53, '9780739485811');
INSERT INTO `ga3w20`.`sales` (`id`, `total`, `date`, `users_id`) VALUES (54, 91.91, '2020-01-27 11:01:58.579', 8);
    INSERT INTO `ga3w20`.`sold_books` (`price`, `sales_id`, `books_isbn`) VALUES (12.99, 54, '9780756404741');
    INSERT INTO `ga3w20`.`sold_books` (`price`, `sales_id`, `books_isbn`) VALUES (24.14, 54, '9780099288473');
    INSERT INTO `ga3w20`.`sold_books` (`price`, `sales_id`, `books_isbn`) VALUES (21.99, 54, '9781451673319');
    INSERT INTO `ga3w20`.`sold_books` (`price`, `sales_id`, `books_isbn`) VALUES (12.00, 54, '9780765342980');
    INSERT INTO `ga3w20`.`sold_books` (`price`, `sales_id`, `books_isbn`) VALUES (14.79, 54, '9780316038638');
    INSERT INTO `ga3w20`.`sold_books` (`price`, `sales_id`, `books_isbn`) VALUES (6.00, 54, '9780312924584');
INSERT INTO `ga3w20`.`sales` (`id`, `total`, `date`, `users_id`) VALUES (55, 191.55, '2020-01-28 11:47:46.055', 95);
    INSERT INTO `ga3w20`.`sold_books` (`price`, `sales_id`, `books_isbn`) VALUES (18.99, 55, '9781935429005');
    INSERT INTO `ga3w20`.`sold_books` (`price`, `sales_id`, `books_isbn`) VALUES (13.99, 55, '9781619630345');
    INSERT INTO `ga3w20`.`sold_books` (`price`, `sales_id`, `books_isbn`) VALUES (32.51, 55, '9781250211101');
    INSERT INTO `ga3w20`.`sold_books` (`price`, `sales_id`, `books_isbn`) VALUES (9.99, 55, '9780307949486');
    INSERT INTO `ga3w20`.`sold_books` (`price`, `sales_id`, `books_isbn`) VALUES (25.78, 55, '9780316229296');
    INSERT INTO `ga3w20`.`sold_books` (`price`, `sales_id`, `books_isbn`) VALUES (27.20, 55, '9785557085373');
    INSERT INTO `ga3w20`.`sold_books` (`price`, `sales_id`, `books_isbn`) VALUES (7.99, 55, '9780671027384');
    INSERT INTO `ga3w20`.`sold_books` (`price`, `sales_id`, `books_isbn`) VALUES (18.12, 55, '9780553025170');
    INSERT INTO `ga3w20`.`sold_books` (`price`, `sales_id`, `books_isbn`) VALUES (19.99, 55, '9780061139376');
    INSERT INTO `ga3w20`.`sold_books` (`price`, `sales_id`, `books_isbn`) VALUES (16.99, 55, '9780439023481');
INSERT INTO `ga3w20`.`sales` (`id`, `total`, `date`, `users_id`) VALUES (56, 85.51, '2020-01-29 01:07:29.838', 6);
    INSERT INTO `ga3w20`.`sold_books` (`price`, `sales_id`, `books_isbn`) VALUES (16.99, 56, '9781529034523');
    INSERT INTO `ga3w20`.`sold_books` (`price`, `sales_id`, `books_isbn`) VALUES (14.99, 56, '9780544340688');
    INSERT INTO `ga3w20`.`sold_books` (`price`, `sales_id`, `books_isbn`) VALUES (12.00, 56, '9780761463276');
    INSERT INTO `ga3w20`.`sold_books` (`price`, `sales_id`, `books_isbn`) VALUES (22.54, 56, '9780356500539');
    INSERT INTO `ga3w20`.`sold_books` (`price`, `sales_id`, `books_isbn`) VALUES (18.99, 56, '9781935429005');
INSERT INTO `ga3w20`.`sales` (`id`, `total`, `date`, `users_id`) VALUES (57, 93.76, '2020-01-29 11:34:48.665', 70);
    INSERT INTO `ga3w20`.`sold_books` (`price`, `sales_id`, `books_isbn`) VALUES (16.99, 57, '9781529034523');
    INSERT INTO `ga3w20`.`sold_books` (`price`, `sales_id`, `books_isbn`) VALUES (8.18, 57, '9781727505702');
    INSERT INTO `ga3w20`.`sold_books` (`price`, `sales_id`, `books_isbn`) VALUES (20.00, 57, '9780575079755');
    INSERT INTO `ga3w20`.`sold_books` (`price`, `sales_id`, `books_isbn`) VALUES (30.47, 57, '9780062843494');
    INSERT INTO `ga3w20`.`sold_books` (`price`, `sales_id`, `books_isbn`) VALUES (18.12, 57, '9780553025170');
INSERT INTO `ga3w20`.`sales` (`id`, `total`, `date`, `users_id`) VALUES (58, 139.32, '2020-01-29 13:58:36.698', 65);
    INSERT INTO `ga3w20`.`sold_books` (`price`, `sales_id`, `books_isbn`) VALUES (10.00, 58, '9780316134026');
    INSERT INTO `ga3w20`.`sold_books` (`price`, `sales_id`, `books_isbn`) VALUES (13.99, 58, '9780553573398');
    INSERT INTO `ga3w20`.`sold_books` (`price`, `sales_id`, `books_isbn`) VALUES (21.99, 58, '9781451673319');
    INSERT INTO `ga3w20`.`sold_books` (`price`, `sales_id`, `books_isbn`) VALUES (18.12, 58, '9780553025170');
    INSERT INTO `ga3w20`.`sold_books` (`price`, `sales_id`, `books_isbn`) VALUES (9.99, 58, '9780345538987');
    INSERT INTO `ga3w20`.`sold_books` (`price`, `sales_id`, `books_isbn`) VALUES (20.30, 58, '9780765357151');
    INSERT INTO `ga3w20`.`sold_books` (`price`, `sales_id`, `books_isbn`) VALUES (10.99, 58, '9780441569595');
    INSERT INTO `ga3w20`.`sold_books` (`price`, `sales_id`, `books_isbn`) VALUES (18.99, 58, '9781935429005');
    INSERT INTO `ga3w20`.`sold_books` (`price`, `sales_id`, `books_isbn`) VALUES (14.95, 58, '9781493627462');
INSERT INTO `ga3w20`.`sales` (`id`, `total`, `date`, `users_id`) VALUES (59, 54.76, '2020-01-29 15:27:41.12', 84);
    INSERT INTO `ga3w20`.`sold_books` (`price`, `sales_id`, `books_isbn`) VALUES (12.99, 59, '9780756404741');
    INSERT INTO `ga3w20`.`sold_books` (`price`, `sales_id`, `books_isbn`) VALUES (9.99, 59, '9780752864327');
    INSERT INTO `ga3w20`.`sold_books` (`price`, `sales_id`, `books_isbn`) VALUES (11.99, 59, '9780307887436');
    INSERT INTO `ga3w20`.`sold_books` (`price`, `sales_id`, `books_isbn`) VALUES (19.79, 59, '9780062952554');
INSERT INTO `ga3w20`.`sales` (`id`, `total`, `date`, `users_id`) VALUES (60, 91.59, '2020-01-30 15:49:39.429', 85);
    INSERT INTO `ga3w20`.`sold_books` (`price`, `sales_id`, `books_isbn`) VALUES (5.00, 60, '9780752224411');
    INSERT INTO `ga3w20`.`sold_books` (`price`, `sales_id`, `books_isbn`) VALUES (33.90, 60, '9781478006688');
    INSERT INTO `ga3w20`.`sold_books` (`price`, `sales_id`, `books_isbn`) VALUES (15.99, 60, '9780618346257');
    INSERT INTO `ga3w20`.`sold_books` (`price`, `sales_id`, `books_isbn`) VALUES (22.71, 60, '9780143039983');
    INSERT INTO `ga3w20`.`sold_books` (`price`, `sales_id`, `books_isbn`) VALUES (13.99, 60, '9780753453803');
INSERT INTO `ga3w20`.`sales` (`id`, `total`, `date`, `users_id`) VALUES (61, 138.50, '2020-01-30 16:15:38.25', 95);
    INSERT INTO `ga3w20`.`sold_books` (`price`, `sales_id`, `books_isbn`) VALUES (13.99, 61, '9780804139021');
    INSERT INTO `ga3w20`.`sold_books` (`price`, `sales_id`, `books_isbn`) VALUES (40.59, 61, '9780345409645');
    INSERT INTO `ga3w20`.`sold_books` (`price`, `sales_id`, `books_isbn`) VALUES (23.80, 61, '9789851807822');
    INSERT INTO `ga3w20`.`sold_books` (`price`, `sales_id`, `books_isbn`) VALUES (10.99, 61, '9780441569595');
    INSERT INTO `ga3w20`.`sold_books` (`price`, `sales_id`, `books_isbn`) VALUES (24.99, 61, '9780618640157');
    INSERT INTO `ga3w20`.`sold_books` (`price`, `sales_id`, `books_isbn`) VALUES (24.14, 61, '9780099288473');
INSERT INTO `ga3w20`.`sales` (`id`, `total`, `date`, `users_id`) VALUES (62, 115.20, '2020-01-31 06:19:48.552', 12);
    INSERT INTO `ga3w20`.`sold_books` (`price`, `sales_id`, `books_isbn`) VALUES (22.71, 62, '9780143039983');
    INSERT INTO `ga3w20`.`sold_books` (`price`, `sales_id`, `books_isbn`) VALUES (49.99, 62, '9780553103540');
    INSERT INTO `ga3w20`.`sold_books` (`price`, `sales_id`, `books_isbn`) VALUES (9.99, 62, '9780345538987');
    INSERT INTO `ga3w20`.`sold_books` (`price`, `sales_id`, `books_isbn`) VALUES (32.51, 62, '9781250211101');
INSERT INTO `ga3w20`.`sales` (`id`, `total`, `date`, `users_id`) VALUES (63, 16.99, '2020-01-31 10:26:35.021', 92);
    INSERT INTO `ga3w20`.`sold_books` (`price`, `sales_id`, `books_isbn`) VALUES (16.99, 63, '9781529034523');
INSERT INTO `ga3w20`.`sales` (`id`, `total`, `date`, `users_id`) VALUES (64, 49.94, '2020-01-31 21:53:30.494', 33);
    INSERT INTO `ga3w20`.`sold_books` (`price`, `sales_id`, `books_isbn`) VALUES (21.95, 64, '9780099458234');
    INSERT INTO `ga3w20`.`sold_books` (`price`, `sales_id`, `books_isbn`) VALUES (15.99, 64, '9780553448146');
    INSERT INTO `ga3w20`.`sold_books` (`price`, `sales_id`, `books_isbn`) VALUES (12.00, 64, '9780761463276');
INSERT INTO `ga3w20`.`sales` (`id`, `total`, `date`, `users_id`) VALUES (65, 111.81, '2020-02-01 01:49:27.765', 36);
    INSERT INTO `ga3w20`.`sold_books` (`price`, `sales_id`, `books_isbn`) VALUES (22.54, 65, '9780356500539');
    INSERT INTO `ga3w20`.`sold_books` (`price`, `sales_id`, `books_isbn`) VALUES (22.50, 65, '9780062310644');
    INSERT INTO `ga3w20`.`sold_books` (`price`, `sales_id`, `books_isbn`) VALUES (49.99, 65, '9780553103540');
    INSERT INTO `ga3w20`.`sold_books` (`price`, `sales_id`, `books_isbn`) VALUES (16.78, 65, '9780307356543');
INSERT INTO `ga3w20`.`sales` (`id`, `total`, `date`, `users_id`) VALUES (66, 147.30, '2020-02-01 02:24:03.311', 53);
    INSERT INTO `ga3w20`.`sold_books` (`price`, `sales_id`, `books_isbn`) VALUES (7.99, 66, '9780671027384');
    INSERT INTO `ga3w20`.`sold_books` (`price`, `sales_id`, `books_isbn`) VALUES (9.99, 66, '9780425172902');
    INSERT INTO `ga3w20`.`sold_books` (`price`, `sales_id`, `books_isbn`) VALUES (14.99, 66, '9780804137270');
    INSERT INTO `ga3w20`.`sold_books` (`price`, `sales_id`, `books_isbn`) VALUES (11.95, 66, '9780553212471');
    INSERT INTO `ga3w20`.`sold_books` (`price`, `sales_id`, `books_isbn`) VALUES (10.99, 66, '9780425134351');
    INSERT INTO `ga3w20`.`sold_books` (`price`, `sales_id`, `books_isbn`) VALUES (21.00, 66, '9780676977691');
    INSERT INTO `ga3w20`.`sold_books` (`price`, `sales_id`, `books_isbn`) VALUES (33.90, 66, '9781478006688');
    INSERT INTO `ga3w20`.`sold_books` (`price`, `sales_id`, `books_isbn`) VALUES (14.50, 66, '9781416975861');
    INSERT INTO `ga3w20`.`sold_books` (`price`, `sales_id`, `books_isbn`) VALUES (21.99, 66, '9781451673319');
INSERT INTO `ga3w20`.`sales` (`id`, `total`, `date`, `users_id`) VALUES (67, 106.88, '2020-02-03 01:10:50.711', 69);
    INSERT INTO `ga3w20`.`sold_books` (`price`, `sales_id`, `books_isbn`) VALUES (17.99, 67, '9780441783588');
    INSERT INTO `ga3w20`.`sold_books` (`price`, `sales_id`, `books_isbn`) VALUES (9.99, 67, '9780812550702');
    INSERT INTO `ga3w20`.`sold_books` (`price`, `sales_id`, `books_isbn`) VALUES (25.78, 67, '9780316229296');
    INSERT INTO `ga3w20`.`sold_books` (`price`, `sales_id`, `books_isbn`) VALUES (5.99, 67, '9781505234725');
    INSERT INTO `ga3w20`.`sold_books` (`price`, `sales_id`, `books_isbn`) VALUES (14.36, 67, '9780571084838');
    INSERT INTO `ga3w20`.`sold_books` (`price`, `sales_id`, `books_isbn`) VALUES (15.99, 67, '9780618346257');
    INSERT INTO `ga3w20`.`sold_books` (`price`, `sales_id`, `books_isbn`) VALUES (16.78, 67, '9780307356543');
INSERT INTO `ga3w20`.`sales` (`id`, `total`, `date`, `users_id`) VALUES (68, 75.61, '2020-02-03 10:45:59.667', 50);
    INSERT INTO `ga3w20`.`sold_books` (`price`, `sales_id`, `books_isbn`) VALUES (15.99, 68, '9780140449266');
    INSERT INTO `ga3w20`.`sold_books` (`price`, `sales_id`, `books_isbn`) VALUES (9.99, 68, '9780425172902');
    INSERT INTO `ga3w20`.`sold_books` (`price`, `sales_id`, `books_isbn`) VALUES (11.50, 68, '9781481465588');
    INSERT INTO `ga3w20`.`sold_books` (`price`, `sales_id`, `books_isbn`) VALUES (24.14, 68, '9780099288473');
    INSERT INTO `ga3w20`.`sold_books` (`price`, `sales_id`, `books_isbn`) VALUES (13.99, 68, '9780804139021');
INSERT INTO `ga3w20`.`sales` (`id`, `total`, `date`, `users_id`) VALUES (69, 51.49, '2020-02-03 17:02:36.221', 49);
    INSERT INTO `ga3w20`.`sold_books` (`price`, `sales_id`, `books_isbn`) VALUES (20.74, 69, '9780771009419');
    INSERT INTO `ga3w20`.`sold_books` (`price`, `sales_id`, `books_isbn`) VALUES (10.99, 69, '9780425134351');
    INSERT INTO `ga3w20`.`sold_books` (`price`, `sales_id`, `books_isbn`) VALUES (7.99, 69, '9781497643079');
    INSERT INTO `ga3w20`.`sold_books` (`price`, `sales_id`, `books_isbn`) VALUES (11.77, 69, '9781789263589');
INSERT INTO `ga3w20`.`sales` (`id`, `total`, `date`, `users_id`) VALUES (70, 132.79, '2020-02-03 21:57:09.324', 11);
    INSERT INTO `ga3w20`.`sold_books` (`price`, `sales_id`, `books_isbn`) VALUES (11.95, 70, '9780553212471');
    INSERT INTO `ga3w20`.`sold_books` (`price`, `sales_id`, `books_isbn`) VALUES (11.99, 70, '9780553381689');
    INSERT INTO `ga3w20`.`sold_books` (`price`, `sales_id`, `books_isbn`) VALUES (20.30, 70, '9780765357151');
    INSERT INTO `ga3w20`.`sold_books` (`price`, `sales_id`, `books_isbn`) VALUES (5.00, 70, '9780752224411');
    INSERT INTO `ga3w20`.`sold_books` (`price`, `sales_id`, `books_isbn`) VALUES (13.99, 70, '9780553573398');
    INSERT INTO `ga3w20`.`sold_books` (`price`, `sales_id`, `books_isbn`) VALUES (49.99, 70, '9780553103540');
    INSERT INTO `ga3w20`.`sold_books` (`price`, `sales_id`, `books_isbn`) VALUES (19.57, 70, '9781400078776');
INSERT INTO `ga3w20`.`sales` (`id`, `total`, `date`, `users_id`) VALUES (71, 91.05, '2020-02-04 20:30:13.289', 53);
    INSERT INTO `ga3w20`.`sold_books` (`price`, `sales_id`, `books_isbn`) VALUES (14.99, 71, '9780804137270');
    INSERT INTO `ga3w20`.`sold_books` (`price`, `sales_id`, `books_isbn`) VALUES (22.54, 71, '9780356500539');
    INSERT INTO `ga3w20`.`sold_books` (`price`, `sales_id`, `books_isbn`) VALUES (10.99, 71, '9780425134351');
    INSERT INTO `ga3w20`.`sold_books` (`price`, `sales_id`, `books_isbn`) VALUES (6.00, 71, '9780312924584');
    INSERT INTO `ga3w20`.`sold_books` (`price`, `sales_id`, `books_isbn`) VALUES (22.54, 71, '9780356500539');
    INSERT INTO `ga3w20`.`sold_books` (`price`, `sales_id`, `books_isbn`) VALUES (13.99, 71, '9780804139021');
INSERT INTO `ga3w20`.`sales` (`id`, `total`, `date`, `users_id`) VALUES (72, 146.10, '2020-02-04 23:39:27.087', 92);
    INSERT INTO `ga3w20`.`sold_books` (`price`, `sales_id`, `books_isbn`) VALUES (13.21, 72, '9780739485811');
    INSERT INTO `ga3w20`.`sold_books` (`price`, `sales_id`, `books_isbn`) VALUES (16.99, 72, '9781529034523');
    INSERT INTO `ga3w20`.`sold_books` (`price`, `sales_id`, `books_isbn`) VALUES (11.95, 72, '9780553212471');
    INSERT INTO `ga3w20`.`sold_books` (`price`, `sales_id`, `books_isbn`) VALUES (14.50, 72, '9781416975861');
    INSERT INTO `ga3w20`.`sold_books` (`price`, `sales_id`, `books_isbn`) VALUES (30.47, 72, '9780062843494');
    INSERT INTO `ga3w20`.`sold_books` (`price`, `sales_id`, `books_isbn`) VALUES (23.00, 72, '9780812974621');
    INSERT INTO `ga3w20`.`sold_books` (`price`, `sales_id`, `books_isbn`) VALUES (15.99, 72, '9780140449266');
    INSERT INTO `ga3w20`.`sold_books` (`price`, `sales_id`, `books_isbn`) VALUES (14.99, 72, '9781524759780');
    INSERT INTO `ga3w20`.`sold_books` (`price`, `sales_id`, `books_isbn`) VALUES (5.00, 72, '9780752224411');
INSERT INTO `ga3w20`.`sales` (`id`, `total`, `date`, `users_id`) VALUES (73, 134.18, '2020-02-05 06:24:00.103', 5);
    INSERT INTO `ga3w20`.`sold_books` (`price`, `sales_id`, `books_isbn`) VALUES (9.99, 73, '9780307949486');
    INSERT INTO `ga3w20`.`sold_books` (`price`, `sales_id`, `books_isbn`) VALUES (10.99, 73, '9780441569595');
    INSERT INTO `ga3w20`.`sold_books` (`price`, `sales_id`, `books_isbn`) VALUES (20.00, 73, '9780575079755');
    INSERT INTO `ga3w20`.`sold_books` (`price`, `sales_id`, `books_isbn`) VALUES (23.27, 73, '9780312868857');
    INSERT INTO `ga3w20`.`sold_books` (`price`, `sales_id`, `books_isbn`) VALUES (20.74, 73, '9780771009419');
    INSERT INTO `ga3w20`.`sold_books` (`price`, `sales_id`, `books_isbn`) VALUES (18.99, 73, '9781935429005');
    INSERT INTO `ga3w20`.`sold_books` (`price`, `sales_id`, `books_isbn`) VALUES (13.21, 73, '9780739485811');
    INSERT INTO `ga3w20`.`sold_books` (`price`, `sales_id`, `books_isbn`) VALUES (16.99, 73, '9781608867844');
INSERT INTO `ga3w20`.`sales` (`id`, `total`, `date`, `users_id`) VALUES (74, 15.99, '2020-02-05 08:39:21.553', 80);
    INSERT INTO `ga3w20`.`sold_books` (`price`, `sales_id`, `books_isbn`) VALUES (15.99, 74, '9780140449266');
INSERT INTO `ga3w20`.`sales` (`id`, `total`, `date`, `users_id`) VALUES (75, 32.49, '2020-02-05 20:01:43.018', 82);
    INSERT INTO `ga3w20`.`sold_books` (`price`, `sales_id`, `books_isbn`) VALUES (14.50, 75, '9780765365279');
    INSERT INTO `ga3w20`.`sold_books` (`price`, `sales_id`, `books_isbn`) VALUES (17.99, 75, '9780441478125');
INSERT INTO `ga3w20`.`sales` (`id`, `total`, `date`, `users_id`) VALUES (76, 182.94, '2020-02-06 04:27:35.422', 85);
    INSERT INTO `ga3w20`.`sold_books` (`price`, `sales_id`, `books_isbn`) VALUES (7.99, 76, '9781497643079');
    INSERT INTO `ga3w20`.`sold_books` (`price`, `sales_id`, `books_isbn`) VALUES (24.14, 76, '9780099288473');
    INSERT INTO `ga3w20`.`sold_books` (`price`, `sales_id`, `books_isbn`) VALUES (13.99, 76, '9781506707747');
    INSERT INTO `ga3w20`.`sold_books` (`price`, `sales_id`, `books_isbn`) VALUES (25.78, 76, '9780316229296');
    INSERT INTO `ga3w20`.`sold_books` (`price`, `sales_id`, `books_isbn`) VALUES (13.99, 76, '9780553573398');
    INSERT INTO `ga3w20`.`sold_books` (`price`, `sales_id`, `books_isbn`) VALUES (19.99, 76, '9780061139376');
    INSERT INTO `ga3w20`.`sold_books` (`price`, `sales_id`, `books_isbn`) VALUES (8.18, 76, '9781727505702');
    INSERT INTO `ga3w20`.`sold_books` (`price`, `sales_id`, `books_isbn`) VALUES (18.99, 76, '9781935429005');
    INSERT INTO `ga3w20`.`sold_books` (`price`, `sales_id`, `books_isbn`) VALUES (33.90, 76, '9781478006688');
    INSERT INTO `ga3w20`.`sold_books` (`price`, `sales_id`, `books_isbn`) VALUES (15.99, 76, '9780618346257');
INSERT INTO `ga3w20`.`sales` (`id`, `total`, `date`, `users_id`) VALUES (77, 33.77, '2020-02-06 17:30:31.582', 63);
    INSERT INTO `ga3w20`.`sold_books` (`price`, `sales_id`, `books_isbn`) VALUES (11.99, 77, '9780441172719');
    INSERT INTO `ga3w20`.`sold_books` (`price`, `sales_id`, `books_isbn`) VALUES (21.78, 77, '9781501156748');
INSERT INTO `ga3w20`.`sales` (`id`, `total`, `date`, `users_id`) VALUES (78, 105.32, '2020-02-07 19:39:28.037', 5);
    INSERT INTO `ga3w20`.`sold_books` (`price`, `sales_id`, `books_isbn`) VALUES (11.95, 78, '9780553212471');
    INSERT INTO `ga3w20`.`sold_books` (`price`, `sales_id`, `books_isbn`) VALUES (13.99, 78, '9780553573398');
    INSERT INTO `ga3w20`.`sold_books` (`price`, `sales_id`, `books_isbn`) VALUES (19.79, 78, '9780062952554');
    INSERT INTO `ga3w20`.`sold_books` (`price`, `sales_id`, `books_isbn`) VALUES (14.99, 78, '9780544340688');
    INSERT INTO `ga3w20`.`sold_books` (`price`, `sales_id`, `books_isbn`) VALUES (11.99, 78, '9780547928197');
    INSERT INTO `ga3w20`.`sold_books` (`price`, `sales_id`, `books_isbn`) VALUES (32.61, 78, '9780451119674');
INSERT INTO `ga3w20`.`sales` (`id`, `total`, `date`, `users_id`) VALUES (79, 133.70, '2020-02-07 23:20:17.755', 3);
    INSERT INTO `ga3w20`.`sold_books` (`price`, `sales_id`, `books_isbn`) VALUES (20.28, 79, '9780312355296');
    INSERT INTO `ga3w20`.`sold_books` (`price`, `sales_id`, `books_isbn`) VALUES (22.71, 79, '9780143039983');
    INSERT INTO `ga3w20`.`sold_books` (`price`, `sales_id`, `books_isbn`) VALUES (16.99, 79, '9780439023481');
    INSERT INTO `ga3w20`.`sold_books` (`price`, `sales_id`, `books_isbn`) VALUES (13.99, 79, '9780553573398');
    INSERT INTO `ga3w20`.`sold_books` (`price`, `sales_id`, `books_isbn`) VALUES (20.74, 79, '9780771009419');
    INSERT INTO `ga3w20`.`sold_books` (`price`, `sales_id`, `books_isbn`) VALUES (18.99, 79, '9780439023498');
    INSERT INTO `ga3w20`.`sold_books` (`price`, `sales_id`, `books_isbn`) VALUES (20.00, 79, '9780141325491');
INSERT INTO `ga3w20`.`sales` (`id`, `total`, `date`, `users_id`) VALUES (80, 51.48, '2020-02-08 14:34:05.441', 76);
    INSERT INTO `ga3w20`.`sold_books` (`price`, `sales_id`, `books_isbn`) VALUES (11.99, 80, '9780307887436');
    INSERT INTO `ga3w20`.`sold_books` (`price`, `sales_id`, `books_isbn`) VALUES (16.95, 80, '9780307277671');
    INSERT INTO `ga3w20`.`sold_books` (`price`, `sales_id`, `books_isbn`) VALUES (22.54, 80, '9780356500539');
INSERT INTO `ga3w20`.`sales` (`id`, `total`, `date`, `users_id`) VALUES (81, 173.39, '2020-02-08 18:28:50.105', 68);
    INSERT INTO `ga3w20`.`sold_books` (`price`, `sales_id`, `books_isbn`) VALUES (15.99, 81, '9780140449266');
    INSERT INTO `ga3w20`.`sold_books` (`price`, `sales_id`, `books_isbn`) VALUES (14.99, 81, '9781524759780');
    INSERT INTO `ga3w20`.`sold_books` (`price`, `sales_id`, `books_isbn`) VALUES (14.50, 81, '9780765365279');
    INSERT INTO `ga3w20`.`sold_books` (`price`, `sales_id`, `books_isbn`) VALUES (21.95, 81, '9780099458234');
    INSERT INTO `ga3w20`.`sold_books` (`price`, `sales_id`, `books_isbn`) VALUES (15.99, 81, '9780553448146');
    INSERT INTO `ga3w20`.`sold_books` (`price`, `sales_id`, `books_isbn`) VALUES (33.90, 81, '9781478006688');
    INSERT INTO `ga3w20`.`sold_books` (`price`, `sales_id`, `books_isbn`) VALUES (20.30, 81, '9780765357151');
    INSERT INTO `ga3w20`.`sold_books` (`price`, `sales_id`, `books_isbn`) VALUES (16.78, 81, '9780307356543');
    INSERT INTO `ga3w20`.`sold_books` (`price`, `sales_id`, `books_isbn`) VALUES (18.99, 81, '9781935429005');
INSERT INTO `ga3w20`.`sales` (`id`, `total`, `date`, `users_id`) VALUES (82, 142.37, '2020-02-08 21:50:20.841', 26);
    INSERT INTO `ga3w20`.`sold_books` (`price`, `sales_id`, `books_isbn`) VALUES (14.99, 82, '9781524759780');
    INSERT INTO `ga3w20`.`sold_books` (`price`, `sales_id`, `books_isbn`) VALUES (14.99, 82, '9780451457998');
    INSERT INTO `ga3w20`.`sold_books` (`price`, `sales_id`, `books_isbn`) VALUES (14.95, 82, '9781493627462');
    INSERT INTO `ga3w20`.`sold_books` (`price`, `sales_id`, `books_isbn`) VALUES (27.20, 82, '9785557085373');
    INSERT INTO `ga3w20`.`sold_books` (`price`, `sales_id`, `books_isbn`) VALUES (10.99, 82, '9780441569595');
    INSERT INTO `ga3w20`.`sold_books` (`price`, `sales_id`, `books_isbn`) VALUES (21.99, 82, '9781451673319');
    INSERT INTO `ga3w20`.`sold_books` (`price`, `sales_id`, `books_isbn`) VALUES (23.27, 82, '9780312868857');
    INSERT INTO `ga3w20`.`sold_books` (`price`, `sales_id`, `books_isbn`) VALUES (13.99, 82, '9781619630345');
INSERT INTO `ga3w20`.`sales` (`id`, `total`, `date`, `users_id`) VALUES (83, 18.12, '2020-02-09 06:06:10.129', 75);
    INSERT INTO `ga3w20`.`sold_books` (`price`, `sales_id`, `books_isbn`) VALUES (18.12, 83, '9780553025170');
INSERT INTO `ga3w20`.`sales` (`id`, `total`, `date`, `users_id`) VALUES (84, 76.66, '2020-02-09 17:46:51.033', 11);
    INSERT INTO `ga3w20`.`sold_books` (`price`, `sales_id`, `books_isbn`) VALUES (20.74, 84, '9780771009419');
    INSERT INTO `ga3w20`.`sold_books` (`price`, `sales_id`, `books_isbn`) VALUES (11.95, 84, '9780553212471');
    INSERT INTO `ga3w20`.`sold_books` (`price`, `sales_id`, `books_isbn`) VALUES (14.99, 84, '9781524759780');
    INSERT INTO `ga3w20`.`sold_books` (`price`, `sales_id`, `books_isbn`) VALUES (9.99, 84, '9781619760530');
    INSERT INTO `ga3w20`.`sold_books` (`price`, `sales_id`, `books_isbn`) VALUES (18.99, 84, '9781443423656');
INSERT INTO `ga3w20`.`sales` (`id`, `total`, `date`, `users_id`) VALUES (85, 20.30, '2020-02-10 14:02:38.629', 56);
    INSERT INTO `ga3w20`.`sold_books` (`price`, `sales_id`, `books_isbn`) VALUES (20.30, 85, '9780765357151');
INSERT INTO `ga3w20`.`sales` (`id`, `total`, `date`, `users_id`) VALUES (86, 137.14, '2020-02-11 07:01:07.786', 80);
    INSERT INTO `ga3w20`.`sold_books` (`price`, `sales_id`, `books_isbn`) VALUES (11.99, 86, '9780547928197');
    INSERT INTO `ga3w20`.`sold_books` (`price`, `sales_id`, `books_isbn`) VALUES (13.86, 86, '9786065792296');
    INSERT INTO `ga3w20`.`sold_books` (`price`, `sales_id`, `books_isbn`) VALUES (11.50, 86, '9781481465588');
    INSERT INTO `ga3w20`.`sold_books` (`price`, `sales_id`, `books_isbn`) VALUES (10.99, 86, '9780425134351');
    INSERT INTO `ga3w20`.`sold_books` (`price`, `sales_id`, `books_isbn`) VALUES (13.99, 86, '9780753453803');
    INSERT INTO `ga3w20`.`sold_books` (`price`, `sales_id`, `books_isbn`) VALUES (18.99, 86, '9780439023511');
    INSERT INTO `ga3w20`.`sold_books` (`price`, `sales_id`, `books_isbn`) VALUES (6.00, 86, '9780312924584');
    INSERT INTO `ga3w20`.`sold_books` (`price`, `sales_id`, `books_isbn`) VALUES (11.99, 86, '9780451465641');
    INSERT INTO `ga3w20`.`sold_books` (`price`, `sales_id`, `books_isbn`) VALUES (18.84, 86, '9780399171611');
    INSERT INTO `ga3w20`.`sold_books` (`price`, `sales_id`, `books_isbn`) VALUES (18.99, 86, '9781443423656');
INSERT INTO `ga3w20`.`sales` (`id`, `total`, `date`, `users_id`) VALUES (87, 63.47, '2020-02-12 22:44:10.127', 83);
    INSERT INTO `ga3w20`.`sold_books` (`price`, `sales_id`, `books_isbn`) VALUES (18.99, 87, '9781443423656');
    INSERT INTO `ga3w20`.`sold_books` (`price`, `sales_id`, `books_isbn`) VALUES (14.99, 87, '9781524759780');
    INSERT INTO `ga3w20`.`sold_books` (`price`, `sales_id`, `books_isbn`) VALUES (14.50, 87, '9781416975861');
    INSERT INTO `ga3w20`.`sold_books` (`price`, `sales_id`, `books_isbn`) VALUES (14.99, 87, '9781524759780');
INSERT INTO `ga3w20`.`sales` (`id`, `total`, `date`, `users_id`) VALUES (88, 97.71, '2020-02-14 04:10:15.954', 65);
    INSERT INTO `ga3w20`.`sold_books` (`price`, `sales_id`, `books_isbn`) VALUES (11.99, 88, '9780547928197');
    INSERT INTO `ga3w20`.`sold_books` (`price`, `sales_id`, `books_isbn`) VALUES (5.00, 88, '9780752224411');
    INSERT INTO `ga3w20`.`sold_books` (`price`, `sales_id`, `books_isbn`) VALUES (14.99, 88, '9780804137270');
    INSERT INTO `ga3w20`.`sold_books` (`price`, `sales_id`, `books_isbn`) VALUES (23.00, 88, '9780812974621');
    INSERT INTO `ga3w20`.`sold_books` (`price`, `sales_id`, `books_isbn`) VALUES (12.00, 88, '9780761463276');
    INSERT INTO `ga3w20`.`sold_books` (`price`, `sales_id`, `books_isbn`) VALUES (9.99, 88, '9781619760530');
    INSERT INTO `ga3w20`.`sold_books` (`price`, `sales_id`, `books_isbn`) VALUES (20.74, 88, '9780771009419');
INSERT INTO `ga3w20`.`sales` (`id`, `total`, `date`, `users_id`) VALUES (89, 181.43, '2020-02-14 13:35:32.26', 38);
    INSERT INTO `ga3w20`.`sold_books` (`price`, `sales_id`, `books_isbn`) VALUES (16.78, 89, '9780307356543');
    INSERT INTO `ga3w20`.`sold_books` (`price`, `sales_id`, `books_isbn`) VALUES (32.61, 89, '9780451119674');
    INSERT INTO `ga3w20`.`sold_books` (`price`, `sales_id`, `books_isbn`) VALUES (30.47, 89, '9780062843494');
    INSERT INTO `ga3w20`.`sold_books` (`price`, `sales_id`, `books_isbn`) VALUES (14.50, 89, '9781416975861');
    INSERT INTO `ga3w20`.`sold_books` (`price`, `sales_id`, `books_isbn`) VALUES (10.00, 89, '9780316134026');
    INSERT INTO `ga3w20`.`sold_books` (`price`, `sales_id`, `books_isbn`) VALUES (23.27, 89, '9780312868857');
    INSERT INTO `ga3w20`.`sold_books` (`price`, `sales_id`, `books_isbn`) VALUES (40.59, 89, '9780345409645');
    INSERT INTO `ga3w20`.`sold_books` (`price`, `sales_id`, `books_isbn`) VALUES (13.21, 89, '9780739485811');
INSERT INTO `ga3w20`.`sales` (`id`, `total`, `date`, `users_id`) VALUES (90, 74.92, '2020-02-14 14:13:57.253', 97);
    INSERT INTO `ga3w20`.`sold_books` (`price`, `sales_id`, `books_isbn`) VALUES (14.95, 90, '9781493627462');
    INSERT INTO `ga3w20`.`sold_books` (`price`, `sales_id`, `books_isbn`) VALUES (11.99, 90, '9780307887436');
    INSERT INTO `ga3w20`.`sold_books` (`price`, `sales_id`, `books_isbn`) VALUES (35.99, 90, '9780062748775');
    INSERT INTO `ga3w20`.`sold_books` (`price`, `sales_id`, `books_isbn`) VALUES (11.99, 90, '9780307887436');
INSERT INTO `ga3w20`.`sales` (`id`, `total`, `date`, `users_id`) VALUES (91, 100.32, '2020-02-15 23:45:42.514', 3);
    INSERT INTO `ga3w20`.`sold_books` (`price`, `sales_id`, `books_isbn`) VALUES (23.80, 91, '9789851807822');
    INSERT INTO `ga3w20`.`sold_books` (`price`, `sales_id`, `books_isbn`) VALUES (22.54, 91, '9780356500539');
    INSERT INTO `ga3w20`.`sold_books` (`price`, `sales_id`, `books_isbn`) VALUES (15.99, 91, '9780547572482');
    INSERT INTO `ga3w20`.`sold_books` (`price`, `sales_id`, `books_isbn`) VALUES (14.50, 91, '9781416975861');
    INSERT INTO `ga3w20`.`sold_books` (`price`, `sales_id`, `books_isbn`) VALUES (11.50, 91, '9781481465588');
    INSERT INTO `ga3w20`.`sold_books` (`price`, `sales_id`, `books_isbn`) VALUES (11.99, 91, '9780547928197');
INSERT INTO `ga3w20`.`sales` (`id`, `total`, `date`, `users_id`) VALUES (92, 49.72, '2020-02-16 15:30:50.389', 95);
    INSERT INTO `ga3w20`.`sold_books` (`price`, `sales_id`, `books_isbn`) VALUES (11.99, 92, '9780547928197');
    INSERT INTO `ga3w20`.`sold_books` (`price`, `sales_id`, `books_isbn`) VALUES (16.99, 92, '9780547258300');
    INSERT INTO `ga3w20`.`sold_books` (`price`, `sales_id`, `books_isbn`) VALUES (20.74, 92, '9780771009419');
INSERT INTO `ga3w20`.`sales` (`id`, `total`, `date`, `users_id`) VALUES (93, 199.46, '2020-02-17 09:42:52.433', 11);
    INSERT INTO `ga3w20`.`sold_books` (`price`, `sales_id`, `books_isbn`) VALUES (7.99, 93, '9781497643079');
    INSERT INTO `ga3w20`.`sold_books` (`price`, `sales_id`, `books_isbn`) VALUES (17.83, 93, '9781595148049');
    INSERT INTO `ga3w20`.`sold_books` (`price`, `sales_id`, `books_isbn`) VALUES (21.95, 93, '9780099458234');
    INSERT INTO `ga3w20`.`sold_books` (`price`, `sales_id`, `books_isbn`) VALUES (19.95, 93, '9780771008795');
    INSERT INTO `ga3w20`.`sold_books` (`price`, `sales_id`, `books_isbn`) VALUES (14.99, 93, '9780544340688');
    INSERT INTO `ga3w20`.`sold_books` (`price`, `sales_id`, `books_isbn`) VALUES (20.30, 93, '9780765357151');
    INSERT INTO `ga3w20`.`sold_books` (`price`, `sales_id`, `books_isbn`) VALUES (13.99, 93, '9781506707747');
    INSERT INTO `ga3w20`.`sold_books` (`price`, `sales_id`, `books_isbn`) VALUES (30.47, 93, '9780062843494');
    INSERT INTO `ga3w20`.`sold_books` (`price`, `sales_id`, `books_isbn`) VALUES (16.99, 93, '9781529034523');
    INSERT INTO `ga3w20`.`sold_books` (`price`, `sales_id`, `books_isbn`) VALUES (35.00, 93, '9780771009433');
INSERT INTO `ga3w20`.`sales` (`id`, `total`, `date`, `users_id`) VALUES (94, 33.51, '2020-02-17 09:51:05.843', 16);
    INSERT INTO `ga3w20`.`sold_books` (`price`, `sales_id`, `books_isbn`) VALUES (13.21, 94, '9780739485811');
    INSERT INTO `ga3w20`.`sold_books` (`price`, `sales_id`, `books_isbn`) VALUES (20.30, 94, '9780765357151');
INSERT INTO `ga3w20`.`sales` (`id`, `total`, `date`, `users_id`) VALUES (95, 66.96, '2020-02-17 11:16:04.844', 83);
    INSERT INTO `ga3w20`.`sold_books` (`price`, `sales_id`, `books_isbn`) VALUES (23.00, 95, '9780812974621');
    INSERT INTO `ga3w20`.`sold_books` (`price`, `sales_id`, `books_isbn`) VALUES (7.99, 95, '9781497643079');
    INSERT INTO `ga3w20`.`sold_books` (`price`, `sales_id`, `books_isbn`) VALUES (11.99, 95, '9780547928197');
    INSERT INTO `ga3w20`.`sold_books` (`price`, `sales_id`, `books_isbn`) VALUES (9.99, 95, '9780752864327');
    INSERT INTO `ga3w20`.`sold_books` (`price`, `sales_id`, `books_isbn`) VALUES (13.99, 95, '9780753453803');
INSERT INTO `ga3w20`.`sales` (`id`, `total`, `date`, `users_id`) VALUES (96, 167.79, '2020-02-18 01:04:55.962', 20);
    INSERT INTO `ga3w20`.`sold_books` (`price`, `sales_id`, `books_isbn`) VALUES (16.95, 96, '9780307277671');
    INSERT INTO `ga3w20`.`sold_books` (`price`, `sales_id`, `books_isbn`) VALUES (19.95, 96, '9780771008795');
    INSERT INTO `ga3w20`.`sold_books` (`price`, `sales_id`, `books_isbn`) VALUES (32.51, 96, '9781250211101');
    INSERT INTO `ga3w20`.`sold_books` (`price`, `sales_id`, `books_isbn`) VALUES (14.99, 96, '9780804137270');
    INSERT INTO `ga3w20`.`sold_books` (`price`, `sales_id`, `books_isbn`) VALUES (10.99, 96, '9780425134351');
    INSERT INTO `ga3w20`.`sold_books` (`price`, `sales_id`, `books_isbn`) VALUES (18.12, 96, '9780553025170');
    INSERT INTO `ga3w20`.`sold_books` (`price`, `sales_id`, `books_isbn`) VALUES (14.99, 96, '9781524759780');
    INSERT INTO `ga3w20`.`sold_books` (`price`, `sales_id`, `books_isbn`) VALUES (18.99, 96, '9780439023498');
    INSERT INTO `ga3w20`.`sold_books` (`price`, `sales_id`, `books_isbn`) VALUES (20.30, 96, '9780765357151');
INSERT INTO `ga3w20`.`sales` (`id`, `total`, `date`, `users_id`) VALUES (97, 127.03, '2020-02-18 02:13:31.226', 73);
    INSERT INTO `ga3w20`.`sold_books` (`price`, `sales_id`, `books_isbn`) VALUES (11.99, 97, '9780451465641');
    INSERT INTO `ga3w20`.`sold_books` (`price`, `sales_id`, `books_isbn`) VALUES (19.95, 97, '9780771008795');
    INSERT INTO `ga3w20`.`sold_books` (`price`, `sales_id`, `books_isbn`) VALUES (15.99, 97, '9780140449266');
    INSERT INTO `ga3w20`.`sold_books` (`price`, `sales_id`, `books_isbn`) VALUES (32.51, 97, '9781250211101');
    INSERT INTO `ga3w20`.`sold_books` (`price`, `sales_id`, `books_isbn`) VALUES (20.74, 97, '9780771009419');
    INSERT INTO `ga3w20`.`sold_books` (`price`, `sales_id`, `books_isbn`) VALUES (13.86, 97, '9786065792296');
    INSERT INTO `ga3w20`.`sold_books` (`price`, `sales_id`, `books_isbn`) VALUES (11.99, 97, '9780441172719');
INSERT INTO `ga3w20`.`sales` (`id`, `total`, `date`, `users_id`) VALUES (98, 91.03, '2020-02-18 03:55:35.06', 20);
    INSERT INTO `ga3w20`.`sold_books` (`price`, `sales_id`, `books_isbn`) VALUES (23.80, 98, '9789851807822');
    INSERT INTO `ga3w20`.`sold_books` (`price`, `sales_id`, `books_isbn`) VALUES (9.99, 98, '9780307949486');
    INSERT INTO `ga3w20`.`sold_books` (`price`, `sales_id`, `books_isbn`) VALUES (6.00, 98, '9780312924584');
    INSERT INTO `ga3w20`.`sold_books` (`price`, `sales_id`, `books_isbn`) VALUES (15.99, 98, '9780140449266');
    INSERT INTO `ga3w20`.`sold_books` (`price`, `sales_id`, `books_isbn`) VALUES (20.30, 98, '9780765357151');
    INSERT INTO `ga3w20`.`sold_books` (`price`, `sales_id`, `books_isbn`) VALUES (14.95, 98, '9781493627462');
INSERT INTO `ga3w20`.`sales` (`id`, `total`, `date`, `users_id`) VALUES (99, 146.01, '2020-02-18 10:37:32.504', 44);
    INSERT INTO `ga3w20`.`sold_books` (`price`, `sales_id`, `books_isbn`) VALUES (20.28, 99, '9780312355296');
    INSERT INTO `ga3w20`.`sold_books` (`price`, `sales_id`, `books_isbn`) VALUES (14.95, 99, '9781493627462');
    INSERT INTO `ga3w20`.`sold_books` (`price`, `sales_id`, `books_isbn`) VALUES (21.95, 99, '9780099458234');
    INSERT INTO `ga3w20`.`sold_books` (`price`, `sales_id`, `books_isbn`) VALUES (27.18, 99, '9780307346612');
    INSERT INTO `ga3w20`.`sold_books` (`price`, `sales_id`, `books_isbn`) VALUES (8.18, 99, '9781727505702');
    INSERT INTO `ga3w20`.`sold_books` (`price`, `sales_id`, `books_isbn`) VALUES (21.95, 99, '9780099458234');
    INSERT INTO `ga3w20`.`sold_books` (`price`, `sales_id`, `books_isbn`) VALUES (13.53, 99, '9781250295446');
    INSERT INTO `ga3w20`.`sold_books` (`price`, `sales_id`, `books_isbn`) VALUES (17.99, 99, '9780441783588');
INSERT INTO `ga3w20`.`sales` (`id`, `total`, `date`, `users_id`) VALUES (100, 105.76, '2020-02-19 11:34:26.604', 96);
    INSERT INTO `ga3w20`.`sold_books` (`price`, `sales_id`, `books_isbn`) VALUES (9.99, 100, '9780345538987');
    INSERT INTO `ga3w20`.`sold_books` (`price`, `sales_id`, `books_isbn`) VALUES (17.83, 100, '9781595148049');
    INSERT INTO `ga3w20`.`sold_books` (`price`, `sales_id`, `books_isbn`) VALUES (9.99, 100, '9780752864327');
    INSERT INTO `ga3w20`.`sold_books` (`price`, `sales_id`, `books_isbn`) VALUES (15.99, 100, '9780140449266');
    INSERT INTO `ga3w20`.`sold_books` (`price`, `sales_id`, `books_isbn`) VALUES (9.99, 100, '9780345538987');
    INSERT INTO `ga3w20`.`sold_books` (`price`, `sales_id`, `books_isbn`) VALUES (14.99, 100, '9780451457998');
    INSERT INTO `ga3w20`.`sold_books` (`price`, `sales_id`, `books_isbn`) VALUES (14.99, 100, '9781524759780');
    INSERT INTO `ga3w20`.`sold_books` (`price`, `sales_id`, `books_isbn`) VALUES (11.99, 100, '9780547928197');

COMMIT;

COMMIT;

-- -----------------------------------------------------
-- Data for table `ga3w20`.`news_feed`
-- -----------------------------------------------------
START TRANSACTION;

INSERT INTO `ga3w20`.`news_feed` (`id`, `link`, `is_active`) VALUES (1, 'https://www.cbc.ca/cmlink/rss-topstories', 1);
INSERT INTO `ga3w20`.`news_feed` (`id`, `link`, `is_active`) VALUES (2, 'https://www.cbc.ca/cmlink/rss-canada', 0);
INSERT INTO `ga3w20`.`news_feed` (`id`, `link`, `is_active`) VALUES (3, 'https://www.cbc.ca/cmlink/rss-technology', 0);

COMMIT;

-- -----------------------------------------------------
-- Data for table `ga3w20`.`advertisments`
-- -----------------------------------------------------
START TRANSACTION;

INSERT INTO `ga3w20`.`advertisments` (`id`, `link`, `image_url`, `is_active`) VALUES (1, "https://www.dummies.com/", "https://www.oreilly.com/library/view/beginning-programming-with/9781119235538/images/9781119370314-fg0101.png", 1);
INSERT INTO `ga3w20`.`advertisments` (`id`, `link`, `image_url`, `is_active`) VALUES (2, "https://slack.com/", "https://i.ytimg.com/vi/7sqVXngvWbI/maxresdefault.jpg", 0);
INSERT INTO `ga3w20`.`advertisments` (`id`, `link`, `image_url`, `is_active`) VALUES (3, "https://www.google.com/drive/", "https://cdn.guidingtech.com/media/assets/WordPress-Import/2014/03/google-drive-banner.png", 0);

COMMIT;
